Date,Region,Daily_Cases,Daily_Deaths,Daily_Recoveries,Vaccination_Rate,Active_Cases,Month,Month_Name,Week
2023-01-01,North,39,0,37,10.0,5,1,January,52
2023-01-02,North,14,0,0,10.59921990762441,2,1,January,1
2023-01-03,North,51,0,50,10.0,7,1,January,1
2023-01-04,North,92,0,48,15.199770241644277,13,1,January,1
2023-01-05,North,19,0,34,12.556618203665789,2,1,January,1
2023-01-06,North,24,0,28,16.02027032951804,3,1,January,1
2023-01-07,North,106,2,94,10.0,15,1,January,1
2023-01-08,North,75,6,80,21.88418121621133,11,1,January,1
2023-01-09,North,26,4,50,10.950403507575778,4,1,January,2
2023-01-10,North,76,9,82,17.395309688083188,11,1,January,2
2023-01-11,North,38,0,0,10.0,5,1,January,2
2023-01-12,North,44,3,14,15.330353041796364,6,1,January,2
2023-01-13,North,81,0,57,10.0,12,1,January,2
2023-01-14,North,8,9,7,10.0,1,1,January,2
2023-01-15,North,10,0,17,22.454772153949314,1,1,January,2
2023-01-16,North,69,0,45,12.137247336842606,10,1,January,3
2023-01-17,North,57,0,51,14.38386766260191,8,1,January,3
2023-01-18,North,123,0,91,17.853085906191023,18,1,January,3
2023-01-19,North,80,0,57,16.187200648654233,12,1,January,3
2023-01-20,North,68,0,33,14.666929690553047,10,1,January,3
2023-01-21,North,203,2,156,15.945684133210248,30,1,January,3
2023-01-22,North,140,2,95,26.34400100311445,21,1,January,3
2023-01-23,North,165,9,122,14.244873047799105,24,1,January,4
2023-01-24,North,111,5,112,15.744506222585827,16,1,January,4
2023-01-25,North,161,0,120,20.198326925093006,24,1,January,4
2023-01-26,North,202,0,216,20.67872856588882,30,1,January,4
2023-01-27,North,159,3,144,21.29229438494476,23,1,January,4
2023-01-28,North,238,0,205,18.756837923332736,35,1,January,4
2023-01-29,North,209,9,163,10.054206205578353,31,1,January,4
2023-01-30,North,235,6,212,24.142432386780207,35,1,January,5
2023-01-31,North,235,0,190,10.449591716225239,35,1,January,5
2023-02-01,North,355,0,303,17.9005399635578,53,2,February,5
2023-02-02,North,286,8,287,12.822027343309802,43,2,February,5
2023-02-03,North,254,1,214,16.478758816485584,38,2,February,5
2023-02-04,North,349,8,316,18.649306557011904,52,2,February,5
2023-02-05,North,273,0,219,18.818324538789824,40,2,February,5
2023-02-06,North,346,0,293,19.52718618875884,51,2,February,6
2023-02-07,North,264,2,254,25.692182718919607,39,2,February,6
2023-02-08,North,303,2,246,20.09734183724023,45,2,February,6
2023-02-09,North,379,1,353,16.814931109261043,56,2,February,6
2023-02-10,North,413,6,362,23.062194083200026,61,2,February,6
2023-02-11,North,397,0,327,24.3951546424254,59,2,February,6
2023-02-12,North,393,2,344,12.515807078161192,58,2,February,6
2023-02-13,North,393,4,350,21.8468904591394,58,2,February,7
2023-02-14,North,349,5,306,22.571797777488555,52,2,February,7
2023-02-15,North,387,6,301,17.78416050517806,58,2,February,7
2023-02-16,North,403,0,330,26.356556044580074,60,2,February,7
2023-02-17,North,472,0,396,18.933787998903302,70,2,February,7
2023-02-18,North,444,9,375,20.517992157467603,66,2,February,7
2023-02-19,North,355,4,311,19.230794724734498,53,2,February,7
2023-02-20,North,445,0,381,20.38009304010514,66,2,February,8
2023-02-21,North,414,10,329,15.02686632376575,62,2,February,8
2023-02-22,North,400,4,346,13.514031301314244,60,2,February,8
2023-02-23,North,453,9,395,28.89285498645453,68,2,February,8
2023-02-24,North,467,4,406,16.891566884781987,70,2,February,8
2023-02-25,North,458,12,407,16.375455835136048,68,2,February,8
2023-02-26,North,376,11,334,10.771510970442966,56,2,February,8
2023-02-27,North,392,2,341,18.549696756057983,58,2,February,9
2023-02-28,North,413,7,349,15.335100483511962,61,2,February,9
2023-03-01,North,432,6,337,30.36666920727525,64,3,March,9
2023-03-02,North,360,9,313,27.411722809350533,54,3,March,9
2023-03-03,North,362,0,311,19.127929592792697,54,3,March,9
2023-03-04,North,312,6,270,34.03690430144682,46,3,March,9
2023-03-05,North,298,6,230,27.8895966657272,44,3,March,9
2023-03-06,North,373,0,298,21.562656269270075,55,3,March,10
2023-03-07,North,384,0,344,10.895828568489277,57,3,March,10
2023-03-08,North,311,0,263,35.05361396185481,46,3,March,10
2023-03-09,North,344,1,304,16.857082721127075,51,3,March,10
2023-03-10,North,304,6,258,15.783995276204552,45,3,March,10
2023-03-11,North,247,8,210,29.32988512708117,37,3,March,10
2023-03-12,North,278,2,252,36.62183895477328,41,3,March,10
2023-03-13,North,316,9,259,31.550484971673466,47,3,March,11
2023-03-14,North,235,0,201,27.65471043542663,35,3,March,11
2023-03-15,North,292,0,240,28.01498049953522,43,3,March,11
2023-03-16,North,98,0,76,29.514330541154283,14,3,March,11
2023-03-17,North,235,3,194,29.247939652230528,35,3,March,11
2023-03-18,North,191,1,166,27.065297779187535,28,3,March,11
2023-03-19,North,163,0,130,26.386390135143994,24,3,March,11
2023-03-20,North,169,0,165,25.758462931930957,25,3,March,12
2023-03-21,North,69,0,43,22.507649583139145,10,3,March,12
2023-03-22,North,135,3,111,25.08014109918261,20,3,March,12
2023-03-23,North,151,2,120,18.224776368583512,22,3,March,12
2023-03-24,North,190,0,185,26.403906261630645,28,3,March,12
2023-03-25,North,95,0,84,22.158692815893765,14,3,March,12
2023-03-26,North,75,0,81,21.78974572161345,11,3,March,12
2023-03-27,North,81,0,43,28.413207019503655,12,3,March,13
2023-03-28,North,136,5,120,34.679791651503216,20,3,March,13
2023-03-29,North,104,0,103,32.51740720583574,15,3,March,13
2023-03-30,North,62,2,53,20.279365113752245,9,3,March,13
2023-03-31,North,102,0,105,23.3897714050604,15,3,March,13
2023-04-01,North,81,0,59,33.24781198389712,12,4,April,13
2023-04-02,North,115,0,122,23.837563032308452,17,4,April,13
2023-04-03,North,40,0,73,27.832878206058833,6,4,April,14
2023-04-04,North,55,0,40,31.912348407210672,8,4,April,14
2023-04-05,North,50,0,35,24.526409593813693,7,4,April,14
2023-04-06,North,8,7,31,30.101053354905623,1,4,April,14
2023-04-07,North,80,0,95,23.110092305628758,12,4,April,14
2023-04-08,North,79,0,57,26.979425516507664,11,4,April,14
2023-04-09,North,69,0,51,31.791217363020376,10,4,April,14
2023-04-10,North,62,0,47,22.4333829806933,9,4,April,15
2023-04-11,North,13,0,0,32.80676929419759,2,4,April,15
2023-04-12,North,60,2,35,30.71225056580615,9,4,April,15
2023-04-13,North,68,3,40,33.778933288569256,10,4,April,15
2023-04-14,North,53,0,31,32.34209814285078,8,4,April,15
2023-04-15,North,87,0,73,38.24927357844065,13,4,April,15
2023-04-16,North,118,0,104,32.260737897854916,17,4,April,15
2023-04-17,North,189,0,187,29.693631635033075,28,4,April,16
2023-04-18,North,123,0,87,32.65819081186472,18,4,April,16
2023-04-19,North,135,6,132,34.96923739792919,20,4,April,16
2023-04-20,North,130,7,107,32.703091560419736,19,4,April,16
2023-04-21,North,61,0,50,32.86779362085458,9,4,April,16
2023-04-22,North,153,3,141,29.360920681845347,23,4,April,16
2023-04-23,North,168,2,123,29.76241848916834,25,4,April,16
2023-04-24,North,285,15,248,26.26994067396857,42,4,April,17
2023-04-25,North,183,6,158,42.23689470494569,27,4,April,17
2023-04-26,North,217,0,193,27.475738768098523,32,4,April,17
2023-04-27,North,217,0,189,30.436572912119367,32,4,April,17
2023-04-28,North,183,0,197,30.515106529296872,27,4,April,17
2023-04-29,North,298,3,242,38.787808697909014,44,4,April,17
2023-04-30,North,297,0,242,33.04448237777063,44,4,April,17
2023-05-01,North,315,0,256,40.96398508864339,47,5,May,18
2023-05-02,North,259,0,209,31.563865560099337,38,5,May,18
2023-05-03,North,376,0,308,36.532333448481644,56,5,May,18
2023-05-04,North,273,9,252,31.166671327107807,40,5,May,18
2023-05-05,North,376,6,344,46.27519618831749,56,5,May,18
2023-05-06,North,464,4,384,29.81750241034694,69,5,May,18
2023-05-07,North,345,9,279,37.5106420126736,51,5,May,18
2023-05-08,North,382,3,332,39.33646682224291,57,5,May,19
2023-05-09,North,430,0,355,38.44262186088386,64,5,May,19
2023-05-10,North,422,10,369,35.65323203528179,63,5,May,19
2023-05-11,North,395,6,339,36.136610787047154,59,5,May,19
2023-05-12,North,484,0,385,37.21081560165379,72,5,May,19
2023-05-13,North,453,3,412,36.46279218965975,68,5,May,19
2023-05-14,North,537,0,487,42.2232417378207,80,5,May,19
2023-05-15,North,495,0,409,48.66250511784686,74,5,May,20
2023-05-16,North,618,9,518,35.0284751408949,92,5,May,20
2023-05-17,North,533,12,458,31.172963124082635,80,5,May,20
2023-05-18,North,569,0,489,37.786611736265705,85,5,May,20
2023-05-19,North,633,8,549,51.33261262233753,94,5,May,20
2023-05-20,North,559,2,509,34.62173705026123,83,5,May,20
2023-05-21,North,635,3,536,47.041737873374174,95,5,May,20
2023-05-22,North,693,4,575,47.44070187258,104,5,May,21
2023-05-23,North,578,1,467,36.49030054970178,86,5,May,21
2023-05-24,North,665,6,552,42.309201110212086,99,5,May,21
2023-05-25,North,677,2,574,47.81231278597235,101,5,May,21
2023-05-26,North,707,7,632,37.98073492143619,106,5,May,21
2023-05-27,North,626,5,522,39.06451578190577,93,5,May,21
2023-05-28,North,627,5,536,37.380056968718314,94,5,May,21
2023-05-29,North,710,2,603,35.42072184104116,106,5,May,22
2023-05-30,North,703,4,617,37.45416172521941,105,5,May,22
2023-05-31,North,701,9,639,34.786892072782116,105,5,May,22
2023-06-01,North,705,8,589,41.28305470393349,105,6,June,22
2023-06-02,North,658,1,550,37.46881516338811,98,6,June,22
2023-06-03,North,694,6,608,42.693654833679005,104,6,June,22
2023-06-04,North,692,9,599,33.95129099975109,103,6,June,22
2023-06-05,North,642,0,578,43.59121434788547,96,6,June,23
2023-06-06,North,747,9,644,46.31050195090176,112,6,June,23
2023-06-07,North,678,3,570,32.38022288604382,101,6,June,23
2023-06-08,North,596,7,516,44.42522790418291,89,6,June,23
2023-06-09,North,665,2,584,48.89933397335547,99,6,June,23
2023-06-10,North,583,0,509,36.91882787357694,87,6,June,23
2023-06-11,North,646,0,557,51.535938857265435,96,6,June,23
2023-06-12,North,648,6,568,45.4742159259511,97,6,June,24
2023-06-13,North,547,6,485,40.06010555637279,82,6,June,24
2023-06-14,North,609,1,540,43.51236340292026,91,6,June,24
2023-06-15,North,569,7,495,46.78888730986136,85,6,June,24
2023-06-16,North,570,0,481,44.58332366035876,85,6,June,24
2023-06-17,North,599,5,511,47.1031206215725,89,6,June,24
2023-06-18,North,489,0,436,40.012016649987785,73,6,June,24
2023-06-19,North,448,0,366,45.66823269160896,67,6,June,25
2023-06-20,North,424,4,366,37.958900042947626,63,6,June,25
2023-06-21,North,408,0,340,44.67738617677298,61,6,June,25
2023-06-22,North,422,1,359,40.92002223223649,63,6,June,25
2023-06-23,North,421,7,380,41.96795468265556,63,6,June,25
2023-06-24,North,400,0,343,52.03211422770054,60,6,June,25
2023-06-25,North,405,6,344,51.514242910663654,60,6,June,25
2023-06-26,North,351,0,274,49.30942686827215,52,6,June,26
2023-06-27,North,395,6,349,41.008216396417325,59,6,June,26
2023-06-28,North,304,8,269,45.093781927350165,45,6,June,26
2023-06-29,North,415,0,390,52.94735663176405,62,6,June,26
2023-06-30,North,307,0,255,47.796496656111614,46,6,June,26
2023-07-01,North,227,4,196,58.89060374386452,34,7,July,26
2023-07-02,North,201,0,175,49.46658919697186,30,7,July,26
2023-07-03,North,253,3,241,48.66628953849411,37,7,July,27
2023-07-04,North,207,0,174,46.36650559107541,31,7,July,27
2023-07-05,North,233,2,203,48.78583639204328,34,7,July,27
2023-07-06,North,209,0,187,47.561826642273104,31,7,July,27
2023-07-07,North,171,6,148,52.07076316366273,25,7,July,27
2023-07-08,North,126,1,99,53.51977532023666,18,7,July,27
2023-07-09,North,85,1,76,45.01236038976795,12,7,July,27
2023-07-10,North,120,0,120,42.492186880562755,18,7,July,28
2023-07-11,North,165,0,121,40.17336873887912,24,7,July,28
2023-07-12,North,127,0,109,52.10039619500228,19,7,July,28
2023-07-13,North,54,1,33,44.24965048561414,8,7,July,28
2023-07-14,North,107,0,111,39.208074507765055,16,7,July,28
2023-07-15,North,107,1,63,52.121464451226245,16,7,July,28
2023-07-16,North,44,8,28,62.84961297177934,6,7,July,28
2023-07-17,North,82,4,76,50.56030478295987,12,7,July,29
2023-07-18,North,70,0,87,54.9891571689615,10,7,July,29
2023-07-19,North,12,5,9,51.41189404548507,1,7,July,29
2023-07-20,North,71,0,50,50.71434294283549,10,7,July,29
2023-07-21,North,75,0,95,56.01021757977401,11,7,July,29
2023-07-22,North,92,0,52,50.16950639993586,13,7,July,29
2023-07-23,North,86,0,35,53.163884647282586,12,7,July,29
2023-07-24,North,8,0,14,53.641456063947096,1,7,July,30
2023-07-25,North,8,0,0,48.89855872079574,1,7,July,30
2023-07-26,North,51,6,25,57.405266692737555,7,7,July,30
2023-07-27,North,48,1,52,51.77630011762186,7,7,July,30
2023-07-28,North,45,0,42,49.07841705967863,6,7,July,30
2023-07-29,North,187,5,149,55.74573603103883,28,7,July,30
2023-07-30,North,43,0,13,48.77689086027558,6,7,July,30
2023-07-31,North,65,0,70,53.616180512120366,9,7,July,31
2023-08-01,North,55,3,57,53.635723698097664,8,8,August,31
2023-08-02,North,40,0,31,59.316840466520524,6,8,August,31
2023-08-03,North,8,4,38,56.46689775780636,1,8,August,31
2023-08-04,North,42,1,17,54.17431575572483,6,8,August,31
2023-08-05,North,8,0,0,58.594326001495936,1,8,August,31
2023-08-06,North,8,2,0,61.662576206625026,1,8,August,31
2023-08-07,North,8,9,6,57.70663394934173,1,8,August,32
2023-08-08,North,9,0,12,55.17538947284328,1,8,August,32
2023-08-09,North,105,1,84,48.77048916791953,15,8,August,32
2023-08-10,North,8,0,12,50.21014597033742,1,8,August,32
2023-08-11,North,33,0,6,54.215634719984905,5,8,August,32
2023-08-12,North,8,3,31,52.90024118700578,1,8,August,32
2023-08-13,North,8,0,5,55.21898963891892,1,8,August,32
2023-08-14,North,50,0,62,56.643139734375644,7,8,August,33
2023-08-15,North,8,0,12,59.21439783771772,1,8,August,33
2023-08-16,North,8,1,14,56.419484131682566,1,8,August,33
2023-08-17,North,8,0,16,59.41053019715299,1,8,August,33
2023-08-18,North,33,4,36,57.50643800811653,5,8,August,33
2023-08-19,North,8,0,18,47.51277705834053,1,8,August,33
2023-08-20,North,14,0,35,52.899476877060074,2,8,August,33
2023-08-21,North,8,0,10,57.08176002358972,1,8,August,34
2023-08-22,North,8,0,19,51.959768044036224,1,8,August,34
2023-08-23,North,100,2,82,61.21392936426674,15,8,August,34
2023-08-24,North,36,3,55,66.07408383204815,5,8,August,34
2023-08-25,North,8,0,0,64.72018288486021,1,8,August,34
2023-08-26,North,19,3,47,57.765203227766534,2,8,August,34
2023-08-27,North,8,5,6,66.49209222271129,1,8,August,34
2023-08-28,North,52,1,19,59.98784278051605,7,8,August,35
2023-08-29,North,8,7,9,57.76511959495925,1,8,August,35
2023-08-30,North,15,0,0,56.5895800888887,2,8,August,35
2023-08-31,North,44,0,52,58.35028893019672,6,8,August,35
2023-09-01,North,63,0,42,58.12779722597517,9,9,September,35
2023-09-02,North,8,6,0,61.12680638660271,1,9,September,35
2023-09-03,North,19,2,0,61.28363913601855,2,9,September,35
2023-09-04,North,17,0,6,60.70204328758025,2,9,September,36
2023-09-05,North,13,0,0,63.07754799158889,2,9,September,36
2023-09-06,North,122,0,76,67.0521324728328,18,9,September,36
2023-09-07,North,69,11,71,66.05271573215167,10,9,September,36
2023-09-08,North,8,0,20,54.08649916873949,1,9,September,36
2023-09-09,North,102,0,94,48.94742729252319,15,9,September,36
2023-09-10,North,161,4,120,66.59467647927329,24,9,September,36
2023-09-11,North,120,2,101,55.29472738704377,18,9,September,37
2023-09-12,North,18,0,14,61.21133782570141,2,9,September,37
2023-09-13,North,69,0,38,56.69064366091199,10,9,September,37
2023-09-14,North,153,3,156,53.73735055935265,23,9,September,37
2023-09-15,North,76,8,79,65.66061034432065,11,9,September,37
2023-09-16,North,134,6,110,66.95511646085389,20,9,September,37
2023-09-17,North,157,7,133,60.482832611751014,23,9,September,37
2023-09-18,North,92,0,82,50.61621711070402,13,9,September,38
2023-09-19,North,139,0,82,61.04625028621011,20,9,September,38
2023-09-20,North,10,0,4,65.94253651052921,1,9,September,38
2023-09-21,North,115,0,86,56.795002595689795,17,9,September,38
2023-09-22,North,158,6,116,65.31240399450017,23,9,September,38
2023-09-23,North,123,0,99,64.52509910578337,18,9,September,38
2023-09-24,North,257,8,249,67.70414980569775,38,9,September,38
2023-09-25,North,133,0,123,65.61163810580703,19,9,September,39
2023-09-26,North,184,0,146,60.354435515372444,27,9,September,39
2023-09-27,North,216,0,193,71.40868168414663,32,9,September,39
2023-09-28,North,281,0,263,64.83922026673328,42,9,September,39
2023-09-29,North,164,5,154,65.70138939036242,24,9,September,39
2023-09-30,North,282,2,241,61.377616248590066,42,9,September,39
2023-10-01,North,238,0,190,64.03358874404245,35,10,October,39
2023-10-02,North,201,0,183,62.03203038590945,30,10,October,40
2023-10-03,North,267,0,234,65.79735761247079,40,10,October,40
2023-10-04,North,260,9,236,75.42667426884358,39,10,October,40
2023-10-05,North,228,0,204,60.21467010951904,34,10,October,40
2023-10-06,North,260,0,238,59.21241279083606,39,10,October,40
2023-10-07,North,241,0,196,74.84211537373179,36,10,October,40
2023-10-08,North,263,0,246,66.64568930654835,39,10,October,40
2023-10-09,North,286,0,247,64.55298795505206,43,10,October,41
2023-10-10,North,325,2,311,73.30391904137598,48,10,October,41
2023-10-11,North,201,0,158,65.28236186175525,30,10,October,41
2023-10-12,North,343,6,322,77.64653208421818,51,10,October,41
2023-10-13,North,164,9,142,72.11215682922382,24,10,October,41
2023-10-14,North,236,6,189,66.4890143878429,35,10,October,41
2023-10-15,North,263,0,215,79.9211564509429,39,10,October,41
2023-10-16,North,244,0,202,66.31208472564263,36,10,October,42
2023-10-17,North,198,12,175,73.25718015674984,29,10,October,42
2023-10-18,North,209,1,187,71.2492101547797,31,10,October,42
2023-10-19,North,190,1,151,76.4674976557852,28,10,October,42
2023-10-20,North,177,0,150,77.97239114846941,26,10,October,42
2023-10-21,North,231,2,233,70.53089986620796,34,10,October,42
2023-10-22,North,202,0,201,66.80983372519215,30,10,October,42
2023-10-23,North,147,0,133,73.08282774766262,22,10,October,43
2023-10-24,North,207,0,176,67.60043414025044,31,10,October,43
2023-10-25,North,172,0,148,81.26199118268806,25,10,October,43
2023-10-26,North,185,0,168,72.08377555651258,27,10,October,43
2023-10-27,North,168,0,125,69.78053510058231,25,10,October,43
2023-10-28,North,96,0,77,72.73658834251134,14,10,October,43
2023-10-29,North,99,0,55,65.28359932158229,14,10,October,43
2023-10-30,North,147,7,132,67.36720453272146,22,10,October,44
2023-10-31,North,133,0,123,78.43338822104081,19,10,October,44
2023-11-01,North,97,5,74,69.35289124250565,14,11,November,44
2023-11-02,North,95,6,108,67.6088516799969,14,11,November,44
2023-11-03,North,139,0,96,75.73271431208697,20,11,November,44
2023-11-04,North,50,0,17,79.1840152788095,7,11,November,44
2023-11-05,North,93,0,82,77.05630501486378,13,11,November,44
2023-11-06,North,54,0,63,78.64782084661151,8,11,November,45
2023-11-07,North,48,0,69,70.08965093077906,7,11,November,45
2023-11-08,North,99,0,76,66.97061699596111,14,11,November,45
2023-11-09,North,82,7,88,81.7923825454917,12,11,November,45
2023-11-10,North,76,4,63,72.87835904754756,11,11,November,45
2023-11-11,North,93,6,76,73.44363711552695,13,11,November,45
2023-11-12,North,33,2,43,81.54481686309144,5,11,November,45
2023-11-13,North,58,0,60,77.8910401568934,8,11,November,46
2023-11-14,North,12,0,0,77.5953729263421,1,11,November,46
2023-11-15,North,37,1,57,86.34698974648343,5,11,November,46
2023-11-16,North,14,0,36,72.51043082612125,2,11,November,46
2023-11-17,North,21,2,6,80.57326657447211,3,11,November,46
2023-11-18,North,40,0,40,76.42517551459531,6,11,November,46
2023-11-19,North,8,0,15,77.68911524047013,1,11,November,46
2023-11-20,North,101,3,90,84.19453993426046,15,11,November,47
2023-11-21,North,8,1,0,79.29742053968987,1,11,November,47
2023-11-22,North,8,0,0,79.65576610953387,1,11,November,47
2023-11-23,North,57,5,47,82.53286635687867,8,11,November,47
2023-11-24,North,40,0,54,75.5516099786592,6,11,November,47
2023-11-25,North,31,2,36,73.38636924572255,4,11,November,47
2023-11-26,North,31,2,19,72.56441556835637,4,11,November,47
2023-11-27,North,8,0,19,68.16272254762548,1,11,November,48
2023-11-28,North,8,0,0,88.48158510025105,1,11,November,48
2023-11-29,North,8,0,26,72.89055157798498,1,11,November,48
2023-11-30,North,8,3,0,77.5063692447085,1,11,November,48
2023-12-01,North,44,0,31,77.43461481923671,6,12,December,48
2023-12-02,North,8,0,0,80.56175876377077,1,12,December,48
2023-12-03,North,8,4,0,83.3094552934657,1,12,December,48
2023-12-04,North,8,0,26,83.7391806286119,1,12,December,49
2023-12-05,North,18,0,6,76.72746995001245,2,12,December,49
2023-12-06,North,8,0,12,79.01329252996904,1,12,December,49
2023-12-07,North,8,2,6,81.46784480738656,1,12,December,49
2023-12-08,North,10,0,16,79.01753338007127,1,12,December,49
2023-12-09,North,10,6,9,88.50376084713292,1,12,December,49
2023-12-10,North,8,0,0,83.12795168126817,1,12,December,49
2023-12-11,North,8,6,24,84.55350980936996,1,12,December,50
2023-12-12,North,9,0,0,84.3995711785019,1,12,December,50
2023-12-13,North,8,0,0,87.15857807863541,1,12,December,50
2023-12-14,North,8,0,0,82.40236054077128,1,12,December,50
2023-12-15,North,8,1,32,75.21913696351747,1,12,December,50
2023-12-16,North,8,0,21,83.90778041810387,1,12,December,50
2023-12-17,North,12,4,4,78.85860014642547,1,12,December,50
2023-12-18,North,63,0,47,79.67834516267979,9,12,December,51
2023-12-19,North,36,0,25,85.459292621248,5,12,December,51
2023-12-20,North,8,0,43,88.92493184068466,1,12,December,51
2023-12-21,North,8,0,13,83.04591832324074,1,12,December,51
2023-12-22,North,8,0,14,84.68976945859922,1,12,December,51
2023-12-23,North,8,0,25,91.86272307482454,1,12,December,51
2023-12-24,North,8,0,11,84.76145820513514,1,12,December,51
2023-12-25,North,13,2,6,95.0,2,12,December,52
2023-12-26,North,8,0,3,86.79732844793794,1,12,December,52
2023-12-27,North,21,0,16,75.37201038004508,3,12,December,52
2023-12-28,North,65,0,54,88.1485762373908,9,12,December,52
2023-12-29,North,8,0,19,86.49370401232598,1,12,December,52
2023-12-30,North,17,0,15,91.24271981436978,2,12,December,52
2023-12-31,North,29,0,37,88.36590675634979,4,12,December,52
2023-01-01,South,45,0,42,10.0,6,1,January,52
2023-01-02,South,16,0,0,10.59921990762441,2,1,January,1
2023-01-03,South,59,0,58,10.0,8,1,January,1
2023-01-04,South,105,0,55,15.199770241644277,15,1,January,1
2023-01-05,South,22,0,39,12.556618203665789,3,1,January,1
2023-01-06,South,27,0,32,16.02027032951804,4,1,January,1
2023-01-07,South,121,2,107,10.0,18,1,January,1
2023-01-08,South,85,7,91,21.88418121621133,12,1,January,1
2023-01-09,South,30,4,58,10.950403507575778,4,1,January,2
2023-01-10,South,86,10,93,17.395309688083188,12,1,January,2
2023-01-11,South,43,0,0,10.0,6,1,January,2
2023-01-12,South,50,3,16,15.330353041796364,7,1,January,2
2023-01-13,South,92,0,65,10.0,13,1,January,2
2023-01-14,South,9,10,8,10.0,1,1,January,2
2023-01-15,South,11,0,19,22.454772153949314,1,1,January,2
2023-01-16,South,78,0,52,12.137247336842606,11,1,January,3
2023-01-17,South,65,0,59,14.38386766260191,9,1,January,3
2023-01-18,South,140,0,104,17.853085906191023,21,1,January,3
2023-01-19,South,91,0,64,16.187200648654233,13,1,January,3
2023-01-20,South,77,0,38,14.666929690553047,11,1,January,3
2023-01-21,South,231,2,178,15.945684133210248,34,1,January,3
2023-01-22,South,160,2,109,26.34400100311445,24,1,January,3
2023-01-23,South,188,10,139,14.244873047799105,28,1,January,4
2023-01-24,South,127,5,128,15.744506222585827,19,1,January,4
2023-01-25,South,184,0,136,20.198326925093006,27,1,January,4
2023-01-26,South,230,0,247,20.67872856588882,34,1,January,4
2023-01-27,South,182,3,164,21.29229438494476,27,1,January,4
2023-01-28,South,271,0,234,18.756837923332736,40,1,January,4
2023-01-29,South,239,10,186,10.054206205578353,35,1,January,4
2023-01-30,South,268,7,242,24.142432386780207,40,1,January,5
2023-01-31,South,268,0,216,10.449591716225239,40,1,January,5
2023-02-01,South,404,0,345,17.9005399635578,60,2,February,5
2023-02-02,South,326,9,327,12.822027343309802,49,2,February,5
2023-02-03,South,290,1,244,16.478758816485584,43,2,February,5
2023-02-04,South,397,9,360,18.649306557011904,59,2,February,5
2023-02-05,South,311,0,250,18.818324538789824,46,2,February,5
2023-02-06,South,394,0,334,19.52718618875884,59,2,February,6
2023-02-07,South,301,2,290,25.692182718919607,45,2,February,6
2023-02-08,South,345,2,280,20.09734183724023,51,2,February,6
2023-02-09,South,432,1,402,16.814931109261043,64,2,February,6
2023-02-10,South,470,6,413,23.062194083200026,70,2,February,6
2023-02-11,South,452,0,373,24.3951546424254,67,2,February,6
2023-02-12,South,448,2,392,12.515807078161192,67,2,February,6
2023-02-13,South,448,4,399,21.8468904591394,67,2,February,7
2023-02-14,South,397,5,349,22.571797777488555,59,2,February,7
2023-02-15,South,441,7,343,17.78416050517806,66,2,February,7
2023-02-16,South,459,0,376,26.356556044580074,68,2,February,7
2023-02-17,South,538,0,451,18.933787998903302,80,2,February,7
2023-02-18,South,506,10,428,20.517992157467603,75,2,February,7
2023-02-19,South,404,4,355,19.230794724734498,60,2,February,7
2023-02-20,South,508,0,435,20.38009304010514,76,2,February,8
2023-02-21,South,472,11,375,15.02686632376575,70,2,February,8
2023-02-22,South,455,4,394,13.514031301314244,68,2,February,8
2023-02-23,South,516,10,450,28.89285498645453,77,2,February,8
2023-02-24,South,532,4,463,16.891566884781987,79,2,February,8
2023-02-25,South,522,14,464,16.375455835136048,78,2,February,8
2023-02-26,South,429,12,381,10.771510970442966,64,2,February,8
2023-02-27,South,447,2,388,18.549696756057983,67,2,February,9
2023-02-28,South,470,8,397,15.335100483511962,70,2,February,9
2023-03-01,South,492,7,384,30.36666920727525,73,3,March,9
2023-03-02,South,410,10,357,27.411722809350533,61,3,March,9
2023-03-03,South,413,0,355,19.127929592792697,62,3,March,9
2023-03-04,South,356,6,308,34.03690430144682,53,3,March,9
2023-03-05,South,339,7,262,27.8895966657272,50,3,March,9
2023-03-06,South,425,0,339,21.562656269270075,63,3,March,10
2023-03-07,South,438,0,392,10.895828568489277,65,3,March,10
2023-03-08,South,354,0,300,35.05361396185481,53,3,March,10
2023-03-09,South,392,1,346,16.857082721127075,58,3,March,10
2023-03-10,South,346,6,294,15.783995276204552,51,3,March,10
2023-03-11,South,282,9,240,29.32988512708117,42,3,March,10
2023-03-12,South,317,2,287,36.62183895477328,47,3,March,10
2023-03-13,South,360,10,295,31.550484971673466,54,3,March,11
2023-03-14,South,268,0,229,27.65471043542663,40,3,March,11
2023-03-15,South,332,0,273,28.01498049953522,49,3,March,11
2023-03-16,South,112,0,86,29.514330541154283,16,3,March,11
2023-03-17,South,267,3,221,29.247939652230528,40,3,March,11
2023-03-18,South,218,1,190,27.065297779187535,32,3,March,11
2023-03-19,South,186,0,148,26.386390135143994,27,3,March,11
2023-03-20,South,192,0,188,25.758462931930957,28,3,March,12
2023-03-21,South,78,0,49,22.507649583139145,11,3,March,12
2023-03-22,South,154,3,127,25.08014109918261,23,3,March,12
2023-03-23,South,172,2,136,18.224776368583512,25,3,March,12
2023-03-24,South,216,0,211,26.403906261630645,32,3,March,12
2023-03-25,South,109,0,96,22.158692815893765,16,3,March,12
2023-03-26,South,85,0,92,21.78974572161345,12,3,March,12
2023-03-27,South,92,0,49,28.413207019503655,13,3,March,13
2023-03-28,South,155,5,136,34.679791651503216,23,3,March,13
2023-03-29,South,119,0,118,32.51740720583574,17,3,March,13
2023-03-30,South,70,2,61,20.279365113752245,10,3,March,13
2023-03-31,South,117,0,120,23.3897714050604,17,3,March,13
2023-04-01,South,92,0,67,33.24781198389712,13,4,April,13
2023-04-02,South,131,0,139,23.837563032308452,19,4,April,13
2023-04-03,South,46,0,83,27.832878206058833,6,4,April,14
2023-04-04,South,63,0,46,31.912348407210672,9,4,April,14
2023-04-05,South,58,0,40,24.526409593813693,8,4,April,14
2023-04-06,South,9,8,36,30.101053354905623,1,4,April,14
2023-04-07,South,91,0,108,23.110092305628758,13,4,April,14
2023-04-08,South,90,0,65,26.979425516507664,13,4,April,14
2023-04-09,South,79,0,59,31.791217363020376,11,4,April,14
2023-04-10,South,70,0,54,22.4333829806933,10,4,April,15
2023-04-11,South,15,0,0,32.80676929419759,2,4,April,15
2023-04-12,South,68,2,40,30.71225056580615,10,4,April,15
2023-04-13,South,77,3,46,33.778933288569256,11,4,April,15
2023-04-14,South,61,0,36,32.34209814285078,9,4,April,15
2023-04-15,South,99,0,83,38.24927357844065,14,4,April,15
2023-04-16,South,134,0,119,32.260737897854916,20,4,April,15
2023-04-17,South,215,0,213,29.693631635033075,32,4,April,16
2023-04-18,South,140,0,99,32.65819081186472,21,4,April,16
2023-04-19,South,154,7,150,34.96923739792919,23,4,April,16
2023-04-20,South,148,8,122,32.703091560419736,22,4,April,16
2023-04-21,South,69,0,58,32.86779362085458,10,4,April,16
2023-04-22,South,175,3,161,29.360920681845347,26,4,April,16
2023-04-23,South,192,2,140,29.76241848916834,28,4,April,16
2023-04-24,South,324,17,283,26.26994067396857,48,4,April,17
2023-04-25,South,208,6,180,42.23689470494569,31,4,April,17
2023-04-26,South,248,0,220,27.475738768098523,37,4,April,17
2023-04-27,South,248,0,215,30.436572912119367,37,4,April,17
2023-04-28,South,208,0,225,30.515106529296872,31,4,April,17
2023-04-29,South,340,3,276,38.787808697909014,51,4,April,17
2023-04-30,South,338,0,276,33.04448237777063,50,4,April,17
2023-05-01,South,359,0,292,40.96398508864339,53,5,May,18
2023-05-02,South,295,0,239,31.563865560099337,44,5,May,18
2023-05-03,South,429,0,351,36.532333448481644,64,5,May,18
2023-05-04,South,311,10,287,31.166671327107807,46,5,May,18
2023-05-05,South,429,7,392,46.27519618831749,64,5,May,18
2023-05-06,South,529,4,438,29.81750241034694,79,5,May,18
2023-05-07,South,393,10,318,37.5106420126736,59,5,May,18
2023-05-08,South,436,3,379,39.33646682224291,65,5,May,19
2023-05-09,South,490,0,405,38.44262186088386,73,5,May,19
2023-05-10,South,481,11,421,35.65323203528179,72,5,May,19
2023-05-11,South,450,6,386,36.136610787047154,67,5,May,19
2023-05-12,South,552,0,439,37.21081560165379,82,5,May,19
2023-05-13,South,516,3,469,36.46279218965975,77,5,May,19
2023-05-14,South,612,0,555,42.2232417378207,91,5,May,19
2023-05-15,South,564,0,466,48.66250511784686,84,5,May,20
2023-05-16,South,704,10,590,35.0284751408949,105,5,May,20
2023-05-17,South,608,14,522,31.172963124082635,91,5,May,20
2023-05-18,South,648,0,557,37.786611736265705,97,5,May,20
2023-05-19,South,721,9,626,51.33261262233753,108,5,May,20
2023-05-20,South,637,2,580,34.62173705026123,95,5,May,20
2023-05-21,South,723,3,611,47.041737873374174,108,5,May,20
2023-05-22,South,790,4,655,47.44070187258,118,5,May,21
2023-05-23,South,659,1,532,36.49030054970178,98,5,May,21
2023-05-24,South,758,6,629,42.309201110212086,113,5,May,21
2023-05-25,South,771,2,654,47.81231278597235,115,5,May,21
2023-05-26,South,806,8,720,37.98073492143619,120,5,May,21
2023-05-27,South,713,5,595,39.06451578190577,107,5,May,21
2023-05-28,South,714,5,611,37.380056968718314,107,5,May,21
2023-05-29,South,809,2,687,35.42072184104116,121,5,May,22
2023-05-30,South,801,4,704,37.45416172521941,120,5,May,22
2023-05-31,South,799,10,728,34.786892072782116,119,5,May,22
2023-06-01,South,803,9,671,41.28305470393349,120,6,June,22
2023-06-02,South,750,1,627,37.46881516338811,112,6,June,22
2023-06-03,South,791,7,693,42.693654833679005,118,6,June,22
2023-06-04,South,788,10,683,33.95129099975109,118,6,June,22
2023-06-05,South,732,0,658,43.59121434788547,109,6,June,23
2023-06-06,South,851,10,734,46.31050195090176,127,6,June,23
2023-06-07,South,772,3,649,32.38022288604382,115,6,June,23
2023-06-08,South,679,8,588,44.42522790418291,101,6,June,23
2023-06-09,South,758,2,665,48.89933397335547,113,6,June,23
2023-06-10,South,664,0,580,36.91882787357694,99,6,June,23
2023-06-11,South,736,0,635,51.535938857265435,110,6,June,23
2023-06-12,South,738,6,647,45.4742159259511,110,6,June,24
2023-06-13,South,624,6,553,40.06010555637279,93,6,June,24
2023-06-14,South,694,1,616,43.51236340292026,104,6,June,24
2023-06-15,South,648,8,564,46.78888730986136,97,6,June,24
2023-06-16,South,649,0,548,44.58332366035876,97,6,June,24
2023-06-17,South,683,5,582,47.1031206215725,102,6,June,24
2023-06-18,South,557,0,497,40.012016649987785,83,6,June,24
2023-06-19,South,511,0,417,45.66823269160896,76,6,June,25
2023-06-20,South,483,4,417,37.958900042947626,72,6,June,25
2023-06-21,South,465,0,387,44.67738617677298,69,6,June,25
2023-06-22,South,481,1,409,40.92002223223649,72,6,June,25
2023-06-23,South,480,8,433,41.96795468265556,72,6,June,25
2023-06-24,South,455,0,390,52.03211422770054,68,6,June,25
2023-06-25,South,461,7,392,51.514242910663654,69,6,June,25
2023-06-26,South,400,0,313,49.30942686827215,60,6,June,26
2023-06-27,South,450,6,397,41.008216396417325,67,6,June,26
2023-06-28,South,346,9,307,45.093781927350165,51,6,June,26
2023-06-29,South,473,0,445,52.94735663176405,71,6,June,26
2023-06-30,South,350,0,291,47.796496656111614,52,6,June,26
2023-07-01,South,258,4,223,58.89060374386452,38,7,July,26
2023-07-02,South,229,0,199,49.46658919697186,34,7,July,26
2023-07-03,South,288,3,275,48.66628953849411,43,7,July,27
2023-07-04,South,236,0,198,46.36650559107541,35,7,July,27
2023-07-05,South,265,2,231,48.78583639204328,39,7,July,27
2023-07-06,South,238,0,213,47.561826642273104,35,7,July,27
2023-07-07,South,195,6,169,52.07076316366273,29,7,July,27
2023-07-08,South,143,1,113,53.51977532023666,21,7,July,27
2023-07-09,South,97,1,86,45.01236038976795,14,7,July,27
2023-07-10,South,136,0,136,42.492186880562755,20,7,July,28
2023-07-11,South,188,0,138,40.17336873887912,28,7,July,28
2023-07-12,South,144,0,125,52.10039619500228,21,7,July,28
2023-07-13,South,62,1,38,44.24965048561414,9,7,July,28
2023-07-14,South,122,0,127,39.208074507765055,18,7,July,28
2023-07-15,South,122,1,72,52.121464451226245,18,7,July,28
2023-07-16,South,51,9,32,62.84961297177934,7,7,July,28
2023-07-17,South,93,4,86,50.56030478295987,14,7,July,29
2023-07-18,South,80,0,99,54.9891571689615,12,7,July,29
2023-07-19,South,14,5,10,51.41189404548507,2,7,July,29
2023-07-20,South,81,0,58,50.71434294283549,12,7,July,29
2023-07-21,South,85,0,109,56.01021757977401,12,7,July,29
2023-07-22,South,105,0,60,50.16950639993586,15,7,July,29
2023-07-23,South,98,0,40,53.163884647282586,14,7,July,29
2023-07-24,South,9,0,16,53.641456063947096,1,7,July,30
2023-07-25,South,9,0,0,48.89855872079574,1,7,July,30
2023-07-26,South,59,7,29,57.405266692737555,8,7,July,30
2023-07-27,South,55,1,60,51.77630011762186,8,7,July,30
2023-07-28,South,52,0,48,49.07841705967863,7,7,July,30
2023-07-29,South,213,5,170,55.74573603103883,32,7,July,30
2023-07-30,South,49,0,15,48.77689086027558,7,7,July,30
2023-07-31,South,74,0,80,53.616180512120366,11,7,July,31
2023-08-01,South,63,3,65,53.635723698097664,9,8,August,31
2023-08-02,South,46,0,36,59.316840466520524,6,8,August,31
2023-08-03,South,9,4,44,56.46689775780636,1,8,August,31
2023-08-04,South,48,1,19,54.17431575572483,7,8,August,31
2023-08-05,South,9,0,0,58.594326001495936,1,8,August,31
2023-08-06,South,9,2,0,61.662576206625026,1,8,August,31
2023-08-07,South,9,10,6,57.70663394934173,1,8,August,32
2023-08-08,South,10,0,13,55.17538947284328,1,8,August,32
2023-08-09,South,120,1,96,48.77048916791953,18,8,August,32
2023-08-10,South,9,0,14,50.21014597033742,1,8,August,32
2023-08-11,South,38,0,7,54.215634719984905,5,8,August,32
2023-08-12,South,9,3,36,52.90024118700578,1,8,August,32
2023-08-13,South,9,0,5,55.21898963891892,1,8,August,32
2023-08-14,South,58,0,70,56.643139734375644,8,8,August,33
2023-08-15,South,9,0,14,59.21439783771772,1,8,August,33
2023-08-16,South,9,1,16,56.419484131682566,1,8,August,33
2023-08-17,South,9,0,18,59.41053019715299,1,8,August,33
2023-08-18,South,38,4,41,57.50643800811653,5,8,August,33
2023-08-19,South,9,0,20,47.51277705834053,1,8,August,33
2023-08-20,South,16,0,40,52.899476877060074,2,8,August,33
2023-08-21,South,9,0,11,57.08176002358972,1,8,August,34
2023-08-22,South,9,0,21,51.959768044036224,1,8,August,34
2023-08-23,South,114,2,94,61.21392936426674,17,8,August,34
2023-08-24,South,41,3,63,66.07408383204815,6,8,August,34
2023-08-25,South,9,0,0,64.72018288486021,1,8,August,34
2023-08-26,South,22,3,54,57.765203227766534,3,8,August,34
2023-08-27,South,9,5,6,66.49209222271129,1,8,August,34
2023-08-28,South,60,1,22,59.98784278051605,9,8,August,35
2023-08-29,South,9,8,10,57.76511959495925,1,8,August,35
2023-08-30,South,17,0,0,56.5895800888887,2,8,August,35
2023-08-31,South,51,0,60,58.35028893019672,7,8,August,35
2023-09-01,South,72,0,48,58.12779722597517,10,9,September,35
2023-09-02,South,9,6,0,61.12680638660271,1,9,September,35
2023-09-03,South,21,2,0,61.28363913601855,3,9,September,35
2023-09-04,South,19,0,6,60.70204328758025,2,9,September,36
2023-09-05,South,15,0,0,63.07754799158889,2,9,September,36
2023-09-06,South,139,0,87,67.0521324728328,20,9,September,36
2023-09-07,South,78,12,81,66.05271573215167,11,9,September,36
2023-09-08,South,9,0,23,54.08649916873949,1,9,September,36
2023-09-09,South,117,0,107,48.94742729252319,17,9,September,36
2023-09-10,South,184,4,136,66.59467647927329,27,9,September,36
2023-09-11,South,137,2,116,55.29472738704377,20,9,September,37
2023-09-12,South,20,0,16,61.21133782570141,3,9,September,37
2023-09-13,South,79,0,44,56.69064366091199,11,9,September,37
2023-09-14,South,175,3,178,53.73735055935265,26,9,September,37
2023-09-15,South,86,9,90,65.66061034432065,12,9,September,37
2023-09-16,South,153,7,126,66.95511646085389,23,9,September,37
2023-09-17,South,179,8,152,60.482832611751014,26,9,September,37
2023-09-18,South,105,0,93,50.61621711070402,15,9,September,38
2023-09-19,South,158,0,94,61.04625028621011,23,9,September,38
2023-09-20,South,11,0,4,65.94253651052921,1,9,September,38
2023-09-21,South,131,0,98,56.795002595689795,19,9,September,38
2023-09-22,South,180,6,132,65.31240399450017,27,9,September,38
2023-09-23,South,140,0,113,64.52509910578337,21,9,September,38
2023-09-24,South,293,9,284,67.70414980569775,44,9,September,38
2023-09-25,South,151,0,140,65.61163810580703,22,9,September,39
2023-09-26,South,209,0,166,60.354435515372444,31,9,September,39
2023-09-27,South,247,0,220,71.40868168414663,37,9,September,39
2023-09-28,South,320,0,300,64.83922026673328,48,9,September,39
2023-09-29,South,187,5,176,65.70138939036242,28,9,September,39
2023-09-30,South,321,2,274,61.377616248590066,48,9,September,39
2023-10-01,South,271,0,217,64.03358874404245,40,10,October,39
2023-10-02,South,229,0,208,62.03203038590945,34,10,October,40
2023-10-03,South,305,0,266,65.79735761247079,45,10,October,40
2023-10-04,South,297,10,269,75.42667426884358,44,10,October,40
2023-10-05,South,260,0,233,60.21467010951904,39,10,October,40
2023-10-06,South,296,0,271,59.21241279083606,44,10,October,40
2023-10-07,South,275,0,223,74.84211537373179,41,10,October,40
2023-10-08,South,300,0,280,66.64568930654835,45,10,October,40
2023-10-09,South,326,0,281,64.55298795505206,49,10,October,41
2023-10-10,South,371,2,355,73.30391904137598,55,10,October,41
2023-10-11,South,229,0,181,65.28236186175525,34,10,October,41
2023-10-12,South,391,6,367,77.64653208421818,58,10,October,41
2023-10-13,South,187,10,162,72.11215682922382,28,10,October,41
2023-10-14,South,269,7,215,66.4890143878429,40,10,October,41
2023-10-15,South,300,0,245,79.9211564509429,45,10,October,41
2023-10-16,South,278,0,230,66.31208472564263,41,10,October,42
2023-10-17,South,226,14,199,73.25718015674984,33,10,October,42
2023-10-18,South,239,1,213,71.2492101547797,35,10,October,42
2023-10-19,South,216,1,172,76.4674976557852,32,10,October,42
2023-10-20,South,202,0,171,77.97239114846941,30,10,October,42
2023-10-21,South,263,2,265,70.53089986620796,39,10,October,42
2023-10-22,South,230,0,229,66.80983372519215,34,10,October,42
2023-10-23,South,168,0,151,73.08282774766262,25,10,October,43
2023-10-24,South,236,0,200,67.60043414025044,35,10,October,43
2023-10-25,South,196,0,169,81.26199118268806,29,10,October,43
2023-10-26,South,211,0,192,72.08377555651258,31,10,October,43
2023-10-27,South,192,0,142,69.78053510058231,28,10,October,43
2023-10-28,South,110,0,88,72.73658834251134,16,10,October,43
2023-10-29,South,113,0,63,65.28359932158229,16,10,October,43
2023-10-30,South,168,8,150,67.36720453272146,25,10,October,44
2023-10-31,South,151,0,140,78.43338822104081,22,10,October,44
2023-11-01,South,111,5,84,69.35289124250565,16,11,November,44
2023-11-02,South,109,6,123,67.6088516799969,16,11,November,44
2023-11-03,South,158,0,110,75.73271431208697,23,11,November,44
2023-11-04,South,58,0,19,79.1840152788095,8,11,November,44
2023-11-05,South,106,0,94,77.05630501486378,15,11,November,44
2023-11-06,South,62,0,72,78.64782084661151,9,11,November,45
2023-11-07,South,55,0,79,70.08965093077906,8,11,November,45
2023-11-08,South,113,0,86,66.97061699596111,16,11,November,45
2023-11-09,South,93,8,100,81.7923825454917,14,11,November,45
2023-11-10,South,87,4,72,72.87835904754756,13,11,November,45
2023-11-11,South,106,6,86,73.44363711552695,15,11,November,45
2023-11-12,South,38,2,49,81.54481686309144,5,11,November,45
2023-11-13,South,66,0,68,77.8910401568934,10,11,November,46
2023-11-14,South,14,0,0,77.5953729263421,2,11,November,46
2023-11-15,South,42,1,64,86.34698974648343,6,11,November,46
2023-11-16,South,16,0,41,72.51043082612125,2,11,November,46
2023-11-17,South,24,2,7,80.57326657447211,3,11,November,46
2023-11-18,South,46,0,46,76.42517551459531,6,11,November,46
2023-11-19,South,9,0,17,77.68911524047013,1,11,November,46
2023-11-20,South,116,3,103,84.19453993426046,17,11,November,47
2023-11-21,South,9,1,0,79.29742053968987,1,11,November,47
2023-11-22,South,9,0,0,79.65576610953387,1,11,November,47
2023-11-23,South,64,5,54,82.53286635687867,9,11,November,47
2023-11-24,South,46,0,62,75.5516099786592,6,11,November,47
2023-11-25,South,36,2,41,73.38636924572255,5,11,November,47
2023-11-26,South,35,2,22,72.56441556835637,5,11,November,47
2023-11-27,South,9,0,22,68.16272254762548,1,11,November,48
2023-11-28,South,9,0,0,88.48158510025105,1,11,November,48
2023-11-29,South,9,0,30,72.89055157798498,1,11,November,48
2023-11-30,South,9,3,0,77.5063692447085,1,11,November,48
2023-12-01,South,50,0,35,77.43461481923671,7,12,December,48
2023-12-02,South,9,0,0,80.56175876377077,1,12,December,48
2023-12-03,South,9,4,0,83.3094552934657,1,12,December,48
2023-12-04,South,9,0,30,83.7391806286119,1,12,December,49
2023-12-05,South,20,0,7,76.72746995001245,3,12,December,49
2023-12-06,South,9,0,14,79.01329252996904,1,12,December,49
2023-12-07,South,9,2,6,81.46784480738656,1,12,December,49
2023-12-08,South,11,0,18,79.01753338007127,1,12,December,49
2023-12-09,South,11,7,10,88.50376084713292,1,12,December,49
2023-12-10,South,9,0,0,83.12795168126817,1,12,December,49
2023-12-11,South,9,7,27,84.55350980936996,1,12,December,50
2023-12-12,South,10,0,0,84.3995711785019,1,12,December,50
2023-12-13,South,9,0,0,87.15857807863541,1,12,December,50
2023-12-14,South,9,0,0,82.40236054077128,1,12,December,50
2023-12-15,South,9,1,37,75.21913696351747,1,12,December,50
2023-12-16,South,9,0,24,83.90778041810387,1,12,December,50
2023-12-17,South,14,4,4,78.85860014642547,2,12,December,50
2023-12-18,South,71,0,54,79.67834516267979,10,12,December,51
2023-12-19,South,41,0,28,85.459292621248,6,12,December,51
2023-12-20,South,9,0,49,88.92493184068466,1,12,December,51
2023-12-21,South,9,0,15,83.04591832324074,1,12,December,51
2023-12-22,South,9,0,16,84.68976945859922,1,12,December,51
2023-12-23,South,9,0,28,91.86272307482454,1,12,December,51
2023-12-24,South,9,0,12,84.76145820513514,1,12,December,51
2023-12-25,South,15,2,7,95.0,2,12,December,52
2023-12-26,South,9,0,3,86.79732844793794,1,12,December,52
2023-12-27,South,24,0,18,75.37201038004508,3,12,December,52
2023-12-28,South,74,0,62,88.1485762373908,11,12,December,52
2023-12-29,South,9,0,22,86.49370401232598,1,12,December,52
2023-12-30,South,19,0,17,91.24271981436978,2,12,December,52
2023-12-31,South,33,0,42,88.36590675634979,5,12,December,52
2023-01-01,East,36,0,34,10.0,5,1,January,52
2023-01-02,East,13,0,0,10.59921990762441,2,1,January,1
2023-01-03,East,48,0,47,10.0,7,1,January,1
2023-01-04,East,85,0,45,15.199770241644277,12,1,January,1
2023-01-05,East,18,0,32,12.556618203665789,2,1,January,1
2023-01-06,East,22,0,26,16.02027032951804,3,1,January,1
2023-01-07,East,98,2,87,10.0,14,1,January,1
2023-01-08,East,69,6,74,21.88418121621133,10,1,January,1
2023-01-09,East,24,4,47,10.950403507575778,3,1,January,2
2023-01-10,East,70,8,76,17.395309688083188,10,1,January,2
2023-01-11,East,35,0,0,10.0,5,1,January,2
2023-01-12,East,40,3,13,15.330353041796364,6,1,January,2
2023-01-13,East,75,0,53,10.0,11,1,January,2
2023-01-14,East,8,8,7,10.0,1,1,January,2
2023-01-15,East,9,0,16,22.454772153949314,1,1,January,2
2023-01-16,East,64,0,42,12.137247336842606,9,1,January,3
2023-01-17,East,53,0,48,14.38386766260191,8,1,January,3
2023-01-18,East,114,0,85,17.853085906191023,17,1,January,3
2023-01-19,East,74,0,53,16.187200648654233,11,1,January,3
2023-01-20,East,63,0,31,14.666929690553047,9,1,January,3
2023-01-21,East,188,2,145,15.945684133210248,28,1,January,3
2023-01-22,East,131,2,89,26.34400100311445,19,1,January,3
2023-01-23,East,153,8,114,14.244873047799105,23,1,January,4
2023-01-24,East,103,4,104,15.744506222585827,15,1,January,4
2023-01-25,East,150,0,111,20.198326925093006,22,1,January,4
2023-01-26,East,188,0,201,20.67872856588882,28,1,January,4
2023-01-27,East,148,3,134,21.29229438494476,22,1,January,4
2023-01-28,East,221,0,191,18.756837923332736,33,1,January,4
2023-01-29,East,195,8,151,10.054206205578353,29,1,January,4
2023-01-30,East,219,6,197,24.142432386780207,32,1,January,5
2023-01-31,East,219,0,176,10.449591716225239,32,1,January,5
2023-02-01,East,330,0,282,17.9005399635578,49,2,February,5
2023-02-02,East,266,8,267,12.822027343309802,40,2,February,5
2023-02-03,East,237,1,199,16.478758816485584,35,2,February,5
2023-02-04,East,324,8,294,18.649306557011904,48,2,February,5
2023-02-05,East,253,0,204,18.818324538789824,38,2,February,5
2023-02-06,East,322,0,273,19.52718618875884,48,2,February,6
2023-02-07,East,245,2,237,25.692182718919607,36,2,February,6
2023-02-08,East,282,2,229,20.09734183724023,42,2,February,6
2023-02-09,East,352,1,328,16.814931109261043,52,2,February,6
2023-02-10,East,384,5,337,23.062194083200026,57,2,February,6
2023-02-11,East,369,0,304,24.3951546424254,55,2,February,6
2023-02-12,East,365,2,320,12.515807078161192,54,2,February,6
2023-02-13,East,365,4,326,21.8468904591394,54,2,February,7
2023-02-14,East,324,4,285,22.571797777488555,48,2,February,7
2023-02-15,East,360,6,280,17.78416050517806,54,2,February,7
2023-02-16,East,375,0,307,26.356556044580074,56,2,February,7
2023-02-17,East,439,0,368,18.933787998903302,65,2,February,7
2023-02-18,East,413,8,349,20.517992157467603,61,2,February,7
2023-02-19,East,330,4,290,19.230794724734498,49,2,February,7
2023-02-20,East,414,0,355,20.38009304010514,62,2,February,8
2023-02-21,East,385,9,306,15.02686632376575,57,2,February,8
2023-02-22,East,372,4,322,13.514031301314244,55,2,February,8
2023-02-23,East,421,8,368,28.89285498645453,63,2,February,8
2023-02-24,East,434,4,378,16.891566884781987,65,2,February,8
2023-02-25,East,426,12,379,16.375455835136048,64,2,February,8
2023-02-26,East,350,10,311,10.771510970442966,52,2,February,8
2023-02-27,East,364,2,317,18.549696756057983,54,2,February,9
2023-02-28,East,384,7,324,15.335100483511962,57,2,February,9
2023-03-01,East,401,6,314,30.36666920727525,60,3,March,9
2023-03-02,East,335,8,291,27.411722809350533,50,3,March,9
2023-03-03,East,337,0,290,19.127929592792697,50,3,March,9
2023-03-04,East,290,5,251,34.03690430144682,43,3,March,9
2023-03-05,East,277,6,214,27.8895966657272,41,3,March,9
2023-03-06,East,347,0,277,21.562656269270075,52,3,March,10
2023-03-07,East,357,0,320,10.895828568489277,53,3,March,10
2023-03-08,East,289,0,245,35.05361396185481,43,3,March,10
2023-03-09,East,320,1,282,16.857082721127075,48,3,March,10
2023-03-10,East,282,5,240,15.783995276204552,42,3,March,10
2023-03-11,East,230,8,196,29.32988512708117,34,3,March,10
2023-03-12,East,258,2,234,36.62183895477328,38,3,March,10
2023-03-13,East,294,8,241,31.550484971673466,44,3,March,11
2023-03-14,East,219,0,187,27.65471043542663,32,3,March,11
2023-03-15,East,271,0,223,28.01498049953522,40,3,March,11
2023-03-16,East,91,0,70,29.514330541154283,13,3,March,11
2023-03-17,East,218,3,180,29.247939652230528,32,3,March,11
2023-03-18,East,178,1,155,27.065297779187535,26,3,March,11
2023-03-19,East,151,0,121,26.386390135143994,22,3,March,11
2023-03-20,East,157,0,153,25.758462931930957,23,3,March,12
2023-03-21,East,64,0,40,22.507649583139145,9,3,March,12
2023-03-22,East,126,3,103,25.08014109918261,18,3,March,12
2023-03-23,East,140,2,111,18.224776368583512,21,3,March,12
2023-03-24,East,176,0,172,26.403906261630645,26,3,March,12
2023-03-25,East,89,0,78,22.158692815893765,13,3,March,12
2023-03-26,East,69,0,75,21.78974572161345,10,3,March,12
2023-03-27,East,75,0,40,28.413207019503655,11,3,March,13
2023-03-28,East,126,4,111,34.679791651503216,19,3,March,13
2023-03-29,East,97,0,96,32.51740720583574,14,3,March,13
2023-03-30,East,57,2,49,20.279365113752245,8,3,March,13
2023-03-31,East,95,0,98,23.3897714050604,14,3,March,13
2023-04-01,East,75,0,55,33.24781198389712,11,4,April,13
2023-04-02,East,107,0,114,23.837563032308452,16,4,April,13
2023-04-03,East,37,0,68,27.832878206058833,5,4,April,14
2023-04-04,East,51,0,37,31.912348407210672,7,4,April,14
2023-04-05,East,47,0,32,24.526409593813693,7,4,April,14
2023-04-06,East,8,7,29,30.101053354905623,1,4,April,14
2023-04-07,East,74,0,88,23.110092305628758,11,4,April,14
2023-04-08,East,73,0,53,26.979425516507664,11,4,April,14
2023-04-09,East,65,0,48,31.791217363020376,9,4,April,14
2023-04-10,East,57,0,44,22.4333829806933,8,4,April,15
2023-04-11,East,12,0,0,32.80676929419759,1,4,April,15
2023-04-12,East,56,2,32,30.71225056580615,8,4,April,15
2023-04-13,East,63,3,37,33.778933288569256,9,4,April,15
2023-04-14,East,49,0,29,32.34209814285078,7,4,April,15
2023-04-15,East,81,0,68,38.24927357844065,12,4,April,15
2023-04-16,East,110,0,97,32.260737897854916,16,4,April,15
2023-04-17,East,176,0,174,29.693631635033075,26,4,April,16
2023-04-18,East,114,0,81,32.65819081186472,17,4,April,16
2023-04-19,East,126,6,122,34.96923739792919,18,4,April,16
2023-04-20,East,121,7,99,32.703091560419736,18,4,April,16
2023-04-21,East,57,0,47,32.86779362085458,8,4,April,16
2023-04-22,East,143,3,131,29.360920681845347,21,4,April,16
2023-04-23,East,156,2,114,29.76241848916834,23,4,April,16
2023-04-24,East,265,14,231,26.26994067396857,39,4,April,17
2023-04-25,East,170,5,147,42.23689470494569,25,4,April,17
2023-04-26,East,202,0,180,27.475738768098523,30,4,April,17
2023-04-27,East,202,0,176,30.436572912119367,30,4,April,17
2023-04-28,East,170,0,184,30.515106529296872,25,4,April,17
2023-04-29,East,278,3,225,38.787808697909014,41,4,April,17
2023-04-30,East,276,0,225,33.04448237777063,41,4,April,17
2023-05-01,East,293,0,238,40.96398508864339,44,5,May,18
2023-05-02,East,241,0,195,31.563865560099337,36,5,May,18
2023-05-03,East,350,0,286,36.532333448481644,52,5,May,18
2023-05-04,East,253,8,234,31.166671327107807,38,5,May,18
2023-05-05,East,350,6,320,46.27519618831749,52,5,May,18
2023-05-06,East,432,4,357,29.81750241034694,64,5,May,18
2023-05-07,East,321,8,259,37.5106420126736,48,5,May,18
2023-05-08,East,356,3,309,39.33646682224291,53,5,May,19
2023-05-09,East,400,0,331,38.44262186088386,60,5,May,19
2023-05-10,East,393,9,343,35.65323203528179,58,5,May,19
2023-05-11,East,368,5,315,36.136610787047154,55,5,May,19
2023-05-12,East,450,0,358,37.21081560165379,67,5,May,19
2023-05-13,East,421,3,383,36.46279218965975,63,5,May,19
2023-05-14,East,499,0,453,42.2232417378207,74,5,May,19
2023-05-15,East,460,0,380,48.66250511784686,69,5,May,20
2023-05-16,East,575,8,482,35.0284751408949,86,5,May,20
2023-05-17,East,496,12,426,31.172963124082635,74,5,May,20
2023-05-18,East,529,0,454,37.786611736265705,79,5,May,20
2023-05-19,East,589,8,511,51.33261262233753,88,5,May,20
2023-05-20,East,520,2,474,34.62173705026123,78,5,May,20
2023-05-21,East,590,3,499,47.041737873374174,88,5,May,20
2023-05-22,East,645,4,535,47.44070187258,96,5,May,21
2023-05-23,East,538,1,434,36.49030054970178,80,5,May,21
2023-05-24,East,618,5,513,42.309201110212086,92,5,May,21
2023-05-25,East,630,2,534,47.81231278597235,94,5,May,21
2023-05-26,East,658,7,588,37.98073492143619,98,5,May,21
2023-05-27,East,582,4,486,39.06451578190577,87,5,May,21
2023-05-28,East,583,4,499,37.380056968718314,87,5,May,21
2023-05-29,East,660,2,561,35.42072184104116,99,5,May,22
2023-05-30,East,654,4,574,37.45416172521941,98,5,May,22
2023-05-31,East,652,8,594,34.786892072782116,97,5,May,22
2023-06-01,East,655,8,548,41.28305470393349,98,6,June,22
2023-06-02,East,612,1,511,37.46881516338811,91,6,June,22
2023-06-03,East,646,6,565,42.693654833679005,96,6,June,22
2023-06-04,East,643,8,557,33.95129099975109,96,6,June,22
2023-06-05,East,597,0,537,43.59121434788547,89,6,June,23
2023-06-06,East,695,8,599,46.31050195090176,104,6,June,23
2023-06-07,East,630,3,530,32.38022288604382,94,6,June,23
2023-06-08,East,554,7,480,44.42522790418291,83,6,June,23
2023-06-09,East,618,2,543,48.89933397335547,92,6,June,23
2023-06-10,East,542,0,474,36.91882787357694,81,6,June,23
2023-06-11,East,601,0,518,51.535938857265435,90,6,June,23
2023-06-12,East,602,5,528,45.4742159259511,90,6,June,24
2023-06-13,East,509,5,451,40.06010555637279,76,6,June,24
2023-06-14,East,566,1,503,43.51236340292026,84,6,June,24
2023-06-15,East,529,7,460,46.78888730986136,79,6,June,24
2023-06-16,East,530,0,447,44.58332366035876,79,6,June,24
2023-06-17,East,557,4,475,47.1031206215725,83,6,June,24
2023-06-18,East,454,0,405,40.012016649987785,68,6,June,24
2023-06-19,East,417,0,340,45.66823269160896,62,6,June,25
2023-06-20,East,394,4,340,37.958900042947626,59,6,June,25
2023-06-21,East,380,0,316,44.67738617677298,57,6,June,25
2023-06-22,East,393,1,334,40.92002223223649,58,6,June,25
2023-06-23,East,392,7,353,41.96795468265556,58,6,June,25
2023-06-24,East,372,0,319,52.03211422770054,55,6,June,25
2023-06-25,East,376,6,320,51.514242910663654,56,6,June,25
2023-06-26,East,327,0,255,49.30942686827215,49,6,June,26
2023-06-27,East,368,5,324,41.008216396417325,55,6,June,26
2023-06-28,East,282,8,250,45.093781927350165,42,6,June,26
2023-06-29,East,386,0,363,52.94735663176405,57,6,June,26
2023-06-30,East,286,0,237,47.796496656111614,42,6,June,26
2023-07-01,East,211,4,182,58.89060374386452,31,7,July,26
2023-07-02,East,187,0,163,49.46658919697186,28,7,July,26
2023-07-03,East,235,3,225,48.66628953849411,35,7,July,27
2023-07-04,East,192,0,162,46.36650559107541,28,7,July,27
2023-07-05,East,217,2,188,48.78583639204328,32,7,July,27
2023-07-06,East,194,0,174,47.561826642273104,29,7,July,27
2023-07-07,East,159,5,138,52.07076316366273,23,7,July,27
2023-07-08,East,117,1,92,53.51977532023666,17,7,July,27
2023-07-09,East,79,1,70,45.01236038976795,11,7,July,27
2023-07-10,East,111,0,111,42.492186880562755,16,7,July,28
2023-07-11,East,153,0,113,40.17336873887912,23,7,July,28
2023-07-12,East,118,0,102,52.10039619500228,17,7,July,28
2023-07-13,East,50,1,31,44.24965048561414,7,7,July,28
2023-07-14,East,99,0,103,39.208074507765055,14,7,July,28
2023-07-15,East,99,1,59,52.121464451226245,14,7,July,28
2023-07-16,East,41,8,26,62.84961297177934,6,7,July,28
2023-07-17,East,76,4,70,50.56030478295987,11,7,July,29
2023-07-18,East,65,0,81,54.9891571689615,9,7,July,29
2023-07-19,East,12,4,8,51.41189404548507,1,7,July,29
2023-07-20,East,66,0,47,50.71434294283549,10,7,July,29
2023-07-21,East,69,0,89,56.01021757977401,10,7,July,29
2023-07-22,East,85,0,49,50.16950639993586,12,7,July,29
2023-07-23,East,80,0,32,53.163884647282586,12,7,July,29
2023-07-24,East,8,0,13,53.641456063947096,1,7,July,30
2023-07-25,East,8,0,0,48.89855872079574,1,7,July,30
2023-07-26,East,48,6,24,57.405266692737555,7,7,July,30
2023-07-27,East,45,1,49,51.77630011762186,6,7,July,30
2023-07-28,East,42,0,39,49.07841705967863,6,7,July,30
2023-07-29,East,174,4,139,55.74573603103883,26,7,July,30
2023-07-30,East,40,0,12,48.77689086027558,6,7,July,30
2023-07-31,East,61,0,65,53.616180512120366,9,7,July,31
2023-08-01,East,51,3,53,53.635723698097664,7,8,August,31
2023-08-02,East,37,0,29,59.316840466520524,5,8,August,31
2023-08-03,East,8,4,36,56.46689775780636,1,8,August,31
2023-08-04,East,39,1,16,54.17431575572483,5,8,August,31
2023-08-05,East,8,0,0,58.594326001495936,1,8,August,31
2023-08-06,East,8,2,0,61.662576206625026,1,8,August,31
2023-08-07,East,8,8,5,57.70663394934173,1,8,August,32
2023-08-08,East,8,0,11,55.17538947284328,1,8,August,32
2023-08-09,East,98,1,78,48.77048916791953,14,8,August,32
2023-08-10,East,8,0,12,50.21014597033742,1,8,August,32
2023-08-11,East,31,0,6,54.215634719984905,4,8,August,32
2023-08-12,East,8,3,29,52.90024118700578,1,8,August,32
2023-08-13,East,8,0,4,55.21898963891892,1,8,August,32
2023-08-14,East,47,0,57,56.643139734375644,7,8,August,33
2023-08-15,East,8,0,12,59.21439783771772,1,8,August,33
2023-08-16,East,8,1,13,56.419484131682566,1,8,August,33
2023-08-17,East,8,0,15,59.41053019715299,1,8,August,33
2023-08-18,East,31,4,33,57.50643800811653,4,8,August,33
2023-08-19,East,8,0,16,47.51277705834053,1,8,August,33
2023-08-20,East,13,0,32,52.899476877060074,2,8,August,33
2023-08-21,East,8,0,9,57.08176002358972,1,8,August,34
2023-08-22,East,8,0,17,51.959768044036224,1,8,August,34
2023-08-23,East,93,2,77,61.21392936426674,13,8,August,34
2023-08-24,East,33,3,51,66.07408383204815,5,8,August,34
2023-08-25,East,8,0,0,64.72018288486021,1,8,August,34
2023-08-26,East,18,3,44,57.765203227766534,2,8,August,34
2023-08-27,East,8,4,5,66.49209222271129,1,8,August,34
2023-08-28,East,49,1,18,59.98784278051605,7,8,August,35
2023-08-29,East,8,7,8,57.76511959495925,1,8,August,35
2023-08-30,East,14,0,0,56.5895800888887,2,8,August,35
2023-08-31,East,41,0,49,58.35028893019672,6,8,August,35
2023-09-01,East,59,0,39,58.12779722597517,8,9,September,35
2023-09-02,East,8,5,0,61.12680638660271,1,9,September,35
2023-09-03,East,17,2,0,61.28363913601855,2,9,September,35
2023-09-04,East,16,0,5,60.70204328758025,2,9,September,36
2023-09-05,East,12,0,0,63.07754799158889,1,9,September,36
2023-09-06,East,114,0,71,67.0521324728328,17,9,September,36
2023-09-07,East,64,10,66,66.05271573215167,9,9,September,36
2023-09-08,East,8,0,19,54.08649916873949,1,9,September,36
2023-09-09,East,95,0,87,48.94742729252319,14,9,September,36
2023-09-10,East,150,4,111,66.59467647927329,22,9,September,36
2023-09-11,East,112,2,94,55.29472738704377,16,9,September,37
2023-09-12,East,16,0,13,61.21133782570141,2,9,September,37
2023-09-13,East,65,0,36,56.69064366091199,9,9,September,37
2023-09-14,East,143,3,145,53.73735055935265,21,9,September,37
2023-09-15,East,70,8,73,65.66061034432065,10,9,September,37
2023-09-16,East,125,6,102,66.95511646085389,18,9,September,37
2023-09-17,East,146,7,124,60.482832611751014,21,9,September,37
2023-09-18,East,85,0,76,50.61621711070402,12,9,September,38
2023-09-19,East,129,0,77,61.04625028621011,19,9,September,38
2023-09-20,East,9,0,4,65.94253651052921,1,9,September,38
2023-09-21,East,107,0,80,56.795002595689795,16,9,September,38
2023-09-22,East,147,5,108,65.31240399450017,22,9,September,38
2023-09-23,East,114,0,92,64.52509910578337,17,9,September,38
2023-09-24,East,239,8,232,67.70414980569775,35,9,September,38
2023-09-25,East,123,0,114,65.61163810580703,18,9,September,39
2023-09-26,East,171,0,135,60.354435515372444,25,9,September,39
2023-09-27,East,201,0,180,71.40868168414663,30,9,September,39
2023-09-28,East,262,0,245,64.83922026673328,39,9,September,39
2023-09-29,East,152,4,143,65.70138939036242,22,9,September,39
2023-09-30,East,262,2,224,61.377616248590066,39,9,September,39
2023-10-01,East,221,0,177,64.03358874404245,33,10,October,39
2023-10-02,East,187,0,170,62.03203038590945,28,10,October,40
2023-10-03,East,249,0,217,65.79735761247079,37,10,October,40
2023-10-04,East,242,8,220,75.42667426884358,36,10,October,40
2023-10-05,East,212,0,190,60.21467010951904,31,10,October,40
2023-10-06,East,241,0,221,59.21241279083606,36,10,October,40
2023-10-07,East,225,0,182,74.84211537373179,33,10,October,40
2023-10-08,East,245,0,229,66.64568930654835,36,10,October,40
2023-10-09,East,266,0,229,64.55298795505206,40,10,October,41
2023-10-10,East,303,2,290,73.30391904137598,45,10,October,41
2023-10-11,East,187,0,147,65.28236186175525,28,10,October,41
2023-10-12,East,319,5,299,77.64653208421818,47,10,October,41
2023-10-13,East,152,8,132,72.11215682922382,22,10,October,41
2023-10-14,East,220,6,176,66.4890143878429,33,10,October,41
2023-10-15,East,245,0,200,79.9211564509429,36,10,October,41
2023-10-16,East,227,0,188,66.31208472564263,34,10,October,42
2023-10-17,East,184,12,163,73.25718015674984,27,10,October,42
2023-10-18,East,195,1,174,71.2492101547797,29,10,October,42
2023-10-19,East,176,1,140,76.4674976557852,26,10,October,42
2023-10-20,East,165,0,139,77.97239114846941,24,10,October,42
2023-10-21,East,215,2,217,70.53089986620796,32,10,October,42
2023-10-22,East,188,0,187,66.80983372519215,28,10,October,42
2023-10-23,East,137,0,123,73.08282774766262,20,10,October,43
2023-10-24,East,192,0,163,67.60043414025044,28,10,October,43
2023-10-25,East,160,0,138,81.26199118268806,24,10,October,43
2023-10-26,East,172,0,156,72.08377555651258,25,10,October,43
2023-10-27,East,156,0,116,69.78053510058231,23,10,October,43
2023-10-28,East,90,0,72,72.73658834251134,13,10,October,43
2023-10-29,East,92,0,51,65.28359932158229,13,10,October,43
2023-10-30,East,137,7,122,67.36720453272146,20,10,October,44
2023-10-31,East,123,0,114,78.43338822104081,18,10,October,44
2023-11-01,East,90,4,69,69.35289124250565,13,11,November,44
2023-11-02,East,89,5,100,67.6088516799969,13,11,November,44
2023-11-03,East,129,0,90,75.73271431208697,19,11,November,44
2023-11-04,East,47,0,16,79.1840152788095,7,11,November,44
2023-11-05,East,86,0,77,77.05630501486378,13,11,November,44
2023-11-06,East,50,0,59,78.64782084661151,7,11,November,45
2023-11-07,East,45,0,65,70.08965093077906,6,11,November,45
2023-11-08,East,92,0,70,66.97061699596111,13,11,November,45
2023-11-09,East,76,7,81,81.7923825454917,11,11,November,45
2023-11-10,East,71,4,59,72.87835904754756,10,11,November,45
2023-11-11,East,86,5,70,73.44363711552695,13,11,November,45
2023-11-12,East,31,2,40,81.54481686309144,4,11,November,45
2023-11-13,East,54,0,56,77.8910401568934,8,11,November,46
2023-11-14,East,12,0,0,77.5953729263421,1,11,November,46
2023-11-15,East,34,1,53,86.34698974648343,5,11,November,46
2023-11-16,East,13,0,33,72.51043082612125,2,11,November,46
2023-11-17,East,20,2,6,80.57326657447211,3,11,November,46
2023-11-18,East,37,0,37,76.42517551459531,5,11,November,46
2023-11-19,East,8,0,14,77.68911524047013,1,11,November,46
2023-11-20,East,94,3,84,84.19453993426046,14,11,November,47
2023-11-21,East,8,1,0,79.29742053968987,1,11,November,47
2023-11-22,East,8,0,0,79.65576610953387,1,11,November,47
2023-11-23,East,53,4,44,82.53286635687867,7,11,November,47
2023-11-24,East,37,0,50,75.5516099786592,5,11,November,47
2023-11-25,East,29,2,33,73.38636924572255,4,11,November,47
2023-11-26,East,28,2,18,72.56441556835637,4,11,November,47
2023-11-27,East,8,0,18,68.16272254762548,1,11,November,48
2023-11-28,East,8,0,0,88.48158510025105,1,11,November,48
2023-11-29,East,8,0,24,72.89055157798498,1,11,November,48
2023-11-30,East,8,3,0,77.5063692447085,1,11,November,48
2023-12-01,East,40,0,28,77.43461481923671,6,12,December,48
2023-12-02,East,8,0,0,80.56175876377077,1,12,December,48
2023-12-03,East,8,4,0,83.3094552934657,1,12,December,48
2023-12-04,East,8,0,24,83.7391806286119,1,12,December,49
2023-12-05,East,16,0,6,76.72746995001245,2,12,December,49
2023-12-06,East,8,0,12,79.01329252996904,1,12,December,49
2023-12-07,East,8,2,5,81.46784480738656,1,12,December,49
2023-12-08,East,9,0,15,79.01753338007127,1,12,December,49
2023-12-09,East,9,6,8,88.50376084713292,1,12,December,49
2023-12-10,East,8,0,0,83.12795168126817,1,12,December,49
2023-12-11,East,8,6,22,84.55350980936996,1,12,December,50
2023-12-12,East,8,0,0,84.3995711785019,1,12,December,50
2023-12-13,East,8,0,0,87.15857807863541,1,12,December,50
2023-12-14,East,8,0,0,82.40236054077128,1,12,December,50
2023-12-15,East,8,1,30,75.21913696351747,1,12,December,50
2023-12-16,East,8,0,20,83.90778041810387,1,12,December,50
2023-12-17,East,12,4,4,78.85860014642547,1,12,December,50
2023-12-18,East,58,0,44,79.67834516267979,8,12,December,51
2023-12-19,East,33,0,23,85.459292621248,5,12,December,51
2023-12-20,East,8,0,40,88.92493184068466,1,12,December,51
2023-12-21,East,8,0,12,83.04591832324074,1,12,December,51
2023-12-22,East,8,0,13,84.68976945859922,1,12,December,51
2023-12-23,East,8,0,23,91.86272307482454,1,12,December,51
2023-12-24,East,8,0,10,84.76145820513514,1,12,December,51
2023-12-25,East,12,2,6,95.0,1,12,December,52
2023-12-26,East,8,0,3,86.79732844793794,1,12,December,52
2023-12-27,East,20,0,15,75.37201038004508,3,12,December,52
2023-12-28,East,61,0,50,88.1485762373908,9,12,December,52
2023-12-29,East,8,0,18,86.49370401232598,1,12,December,52
2023-12-30,East,16,0,14,91.24271981436978,2,12,December,52
2023-12-31,East,27,0,34,88.36590675634979,4,12,December,52
2023-01-01,West,41,0,38,10.0,6,1,January,52
2023-01-02,West,15,0,0,10.59921990762441,2,1,January,1
2023-01-03,West,53,0,53,10.0,8,1,January,1
2023-01-04,West,96,0,50,15.199770241644277,14,1,January,1
2023-01-05,West,20,0,35,12.556618203665789,3,1,January,1
2023-01-06,West,25,0,29,16.02027032951804,3,1,January,1
2023-01-07,West,110,2,97,10.0,16,1,January,1
2023-01-08,West,78,7,83,21.88418121621133,11,1,January,1
2023-01-09,West,27,4,53,10.950403507575778,4,1,January,2
2023-01-10,West,79,9,85,17.395309688083188,11,1,January,2
2023-01-11,West,39,0,0,10.0,5,1,January,2
2023-01-12,West,45,3,15,15.330353041796364,6,1,January,2
2023-01-13,West,84,0,60,10.0,12,1,January,2
2023-01-14,West,8,9,8,10.0,1,1,January,2
2023-01-15,West,10,0,17,22.454772153949314,1,1,January,2
2023-01-16,West,71,0,47,12.137247336842606,10,1,January,3
2023-01-17,West,60,0,53,14.38386766260191,9,1,January,3
2023-01-18,West,128,0,95,17.853085906191023,19,1,January,3
2023-01-19,West,83,0,59,16.187200648654233,12,1,January,3
2023-01-20,West,70,0,35,14.666929690553047,10,1,January,3
2023-01-21,West,211,2,162,15.945684133210248,31,1,January,3
2023-01-22,West,146,2,99,26.34400100311445,21,1,January,3
2023-01-23,West,171,9,127,14.244873047799105,25,1,January,4
2023-01-24,West,115,5,116,15.744506222585827,17,1,January,4
2023-01-25,West,168,0,124,20.198326925093006,25,1,January,4
2023-01-26,West,210,0,225,20.67872856588882,31,1,January,4
2023-01-27,West,166,3,150,21.29229438494476,24,1,January,4
2023-01-28,West,248,0,213,18.756837923332736,37,1,January,4
2023-01-29,West,218,9,169,10.054206205578353,32,1,January,4
2023-01-30,West,245,7,221,24.142432386780207,36,1,January,5
2023-01-31,West,245,0,197,10.449591716225239,36,1,January,5
2023-02-01,West,369,0,315,17.9005399635578,55,2,February,5
2023-02-02,West,298,8,299,12.822027343309802,44,2,February,5
2023-02-03,West,265,1,222,16.478758816485584,39,2,February,5
2023-02-04,West,363,8,328,18.649306557011904,54,2,February,5
2023-02-05,West,283,0,228,18.818324538789824,42,2,February,5
2023-02-06,West,360,0,305,19.52718618875884,54,2,February,6
2023-02-07,West,274,2,265,25.692182718919607,41,2,February,6
2023-02-08,West,315,2,256,20.09734183724023,47,2,February,6
2023-02-09,West,394,1,367,16.814931109261043,59,2,February,6
2023-02-10,West,429,6,377,23.062194083200026,64,2,February,6
2023-02-11,West,413,0,340,24.3951546424254,62,2,February,6
2023-02-12,West,408,2,358,12.515807078161192,61,2,February,6
2023-02-13,West,408,4,364,21.8468904591394,61,2,February,7
2023-02-14,West,363,5,319,22.571797777488555,54,2,February,7
2023-02-15,West,402,7,313,17.78416050517806,60,2,February,7
2023-02-16,West,419,0,343,26.356556044580074,62,2,February,7
2023-02-17,West,491,0,412,18.933787998903302,73,2,February,7
2023-02-18,West,461,9,390,20.517992157467603,69,2,February,7
2023-02-19,West,369,4,324,19.230794724734498,55,2,February,7
2023-02-20,West,463,0,397,20.38009304010514,69,2,February,8
2023-02-21,West,431,10,342,15.02686632376575,64,2,February,8
2023-02-22,West,416,4,360,13.514031301314244,62,2,February,8
2023-02-23,West,471,9,411,28.89285498645453,70,2,February,8
2023-02-24,West,486,4,423,16.891566884781987,72,2,February,8
2023-02-25,West,477,13,424,16.375455835136048,71,2,February,8
2023-02-26,West,391,11,347,10.771510970442966,58,2,February,8
2023-02-27,West,407,2,354,18.549696756057983,61,2,February,9
2023-02-28,West,429,8,363,15.335100483511962,64,2,February,9
2023-03-01,West,449,7,351,30.36666920727525,67,3,March,9
2023-03-02,West,374,9,326,27.411722809350533,56,3,March,9
2023-03-03,West,377,0,324,19.127929592792697,56,3,March,9
2023-03-04,West,325,6,281,34.03690430144682,48,3,March,9
2023-03-05,West,310,7,239,27.8895966657272,46,3,March,9
2023-03-06,West,388,0,310,21.562656269270075,58,3,March,10
2023-03-07,West,399,0,358,10.895828568489277,59,3,March,10
2023-03-08,West,323,0,274,35.05361396185481,48,3,March,10
2023-03-09,West,358,1,316,16.857082721127075,53,3,March,10
2023-03-10,West,316,6,268,15.783995276204552,47,3,March,10
2023-03-11,West,257,8,219,29.32988512708117,38,3,March,10
2023-03-12,West,289,2,262,36.62183895477328,43,3,March,10
2023-03-13,West,328,9,269,31.550484971673466,49,3,March,11
2023-03-14,West,245,0,209,27.65471043542663,36,3,March,11
2023-03-15,West,303,0,249,28.01498049953522,45,3,March,11
2023-03-16,West,102,0,79,29.514330541154283,15,3,March,11
2023-03-17,West,244,3,202,29.247939652230528,36,3,March,11
2023-03-18,West,199,1,173,27.065297779187535,29,3,March,11
2023-03-19,West,169,0,135,26.386390135143994,25,3,March,11
2023-03-20,West,176,0,171,25.758462931930957,26,3,March,12
2023-03-21,West,71,0,44,22.507649583139145,10,3,March,12
2023-03-22,West,141,3,115,25.08014109918261,21,3,March,12
2023-03-23,West,157,2,124,18.224776368583512,23,3,March,12
2023-03-24,West,197,0,193,26.403906261630645,29,3,March,12
2023-03-25,West,99,0,88,22.158692815893765,14,3,March,12
2023-03-26,West,78,0,84,21.78974572161345,11,3,March,12
2023-03-27,West,84,0,44,28.413207019503655,12,3,March,13
2023-03-28,West,141,5,124,34.679791651503216,21,3,March,13
2023-03-29,West,108,0,107,32.51740720583574,16,3,March,13
2023-03-30,West,64,2,55,20.279365113752245,9,3,March,13
2023-03-31,West,106,0,109,23.3897714050604,16,3,March,13
2023-04-01,West,84,0,62,33.24781198389712,12,4,April,13
2023-04-02,West,120,0,127,23.837563032308452,18,4,April,13
2023-04-03,West,42,0,76,27.832878206058833,6,4,April,14
2023-04-04,West,57,0,42,31.912348407210672,8,4,April,14
2023-04-05,West,53,0,36,24.526409593813693,7,4,April,14
2023-04-06,West,8,8,33,30.101053354905623,1,4,April,14
2023-04-07,West,83,0,98,23.110092305628758,12,4,April,14
2023-04-08,West,82,0,60,26.979425516507664,12,4,April,14
2023-04-09,West,72,0,53,31.791217363020376,10,4,April,14
2023-04-10,West,64,0,49,22.4333829806933,9,4,April,15
2023-04-11,West,14,0,0,32.80676929419759,2,4,April,15
2023-04-12,West,62,2,36,30.71225056580615,9,4,April,15
2023-04-13,West,70,3,42,33.778933288569256,10,4,April,15
2023-04-14,West,55,0,33,32.34209814285078,8,4,April,15
2023-04-15,West,90,0,76,38.24927357844065,13,4,April,15
2023-04-16,West,123,0,108,32.260737897854916,18,4,April,15
2023-04-17,West,196,0,195,29.693631635033075,29,4,April,16
2023-04-18,West,128,0,90,32.65819081186472,19,4,April,16
2023-04-19,West,141,7,137,34.96923739792919,21,4,April,16
2023-04-20,West,135,8,111,32.703091560419736,20,4,April,16
2023-04-21,West,63,0,53,32.86779362085458,9,4,April,16
2023-04-22,West,159,3,147,29.360920681845347,23,4,April,16
2023-04-23,West,175,2,128,29.76241848916834,26,4,April,16
2023-04-24,West,296,16,258,26.26994067396857,44,4,April,17
2023-04-25,West,190,6,164,42.23689470494569,28,4,April,17
2023-04-26,West,226,0,201,27.475738768098523,33,4,April,17
2023-04-27,West,226,0,196,30.436572912119367,33,4,April,17
2023-04-28,West,190,0,205,30.515106529296872,28,4,April,17
2023-04-29,West,310,3,252,38.787808697909014,46,4,April,17
2023-04-30,West,309,0,252,33.04448237777063,46,4,April,17
2023-05-01,West,328,0,266,40.96398508864339,49,5,May,18
2023-05-02,West,269,0,218,31.563865560099337,40,5,May,18
2023-05-03,West,391,0,320,36.532333448481644,58,5,May,18
2023-05-04,West,283,9,262,31.166671327107807,42,5,May,18
2023-05-05,West,391,7,358,46.27519618831749,58,5,May,18
2023-05-06,West,483,4,399,29.81750241034694,72,5,May,18
2023-05-07,West,359,9,290,37.5106420126736,53,5,May,18
2023-05-08,West,398,3,345,39.33646682224291,59,5,May,19
2023-05-09,West,447,0,370,38.44262186088386,67,5,May,19
2023-05-10,West,439,10,384,35.65323203528179,65,5,May,19
2023-05-11,West,411,6,353,36.136610787047154,61,5,May,19
2023-05-12,West,504,0,400,37.21081560165379,75,5,May,19
2023-05-13,West,471,3,428,36.46279218965975,70,5,May,19
2023-05-14,West,558,0,506,42.2232417378207,83,5,May,19
2023-05-15,West,514,0,425,48.66250511784686,77,5,May,20
2023-05-16,West,643,9,539,35.0284751408949,96,5,May,20
2023-05-17,West,555,13,477,31.172963124082635,83,5,May,20
2023-05-18,West,592,0,508,37.786611736265705,88,5,May,20
2023-05-19,West,658,8,571,51.33261262233753,98,5,May,20
2023-05-20,West,581,2,530,34.62173705026123,87,5,May,20
2023-05-21,West,660,3,558,47.041737873374174,99,5,May,20
2023-05-22,West,721,4,598,47.44070187258,108,5,May,21
2023-05-23,West,602,1,486,36.49030054970178,90,5,May,21
2023-05-24,West,691,6,574,42.309201110212086,103,5,May,21
2023-05-25,West,704,2,597,47.81231278597235,105,5,May,21
2023-05-26,West,736,8,657,37.98073492143619,110,5,May,21
2023-05-27,West,651,5,543,39.06451578190577,97,5,May,21
2023-05-28,West,652,5,558,37.380056968718314,97,5,May,21
2023-05-29,West,738,2,627,35.42072184104116,110,5,May,22
2023-05-30,West,731,4,642,37.45416172521941,109,5,May,22
2023-05-31,West,729,9,665,34.786892072782116,109,5,May,22
2023-06-01,West,733,8,612,41.28305470393349,109,6,June,22
2023-06-02,West,684,1,572,37.46881516338811,102,6,June,22
2023-06-03,West,722,7,632,42.693654833679005,108,6,June,22
2023-06-04,West,719,9,623,33.95129099975109,107,6,June,22
2023-06-05,West,668,0,601,43.59121434788547,100,6,June,23
2023-06-06,West,777,9,670,46.31050195090176,116,6,June,23
2023-06-07,West,705,3,593,32.38022288604382,105,6,June,23
2023-06-08,West,620,8,537,44.42522790418291,93,6,June,23
2023-06-09,West,691,2,607,48.89933397335547,103,6,June,23
2023-06-10,West,606,0,530,36.91882787357694,90,6,June,23
2023-06-11,West,672,0,579,51.535938857265435,100,6,June,23
2023-06-12,West,674,6,591,45.4742159259511,101,6,June,24
2023-06-13,West,569,6,505,40.06010555637279,85,6,June,24
2023-06-14,West,633,1,562,43.51236340292026,95,6,June,24
2023-06-15,West,592,8,514,46.78888730986136,88,6,June,24
2023-06-16,West,593,0,500,44.58332366035876,88,6,June,24
2023-06-17,West,623,5,532,47.1031206215725,93,6,June,24
2023-06-18,West,508,0,453,40.012016649987785,76,6,June,24
2023-06-19,West,466,0,381,45.66823269160896,69,6,June,25
2023-06-20,West,441,4,381,37.958900042947626,66,6,June,25
2023-06-21,West,425,0,354,44.67738617677298,63,6,June,25
2023-06-22,West,439,1,373,40.92002223223649,65,6,June,25
2023-06-23,West,438,8,395,41.96795468265556,65,6,June,25
2023-06-24,West,416,0,356,52.03211422770054,62,6,June,25
2023-06-25,West,421,7,358,51.514242910663654,63,6,June,25
2023-06-26,West,365,0,285,49.30942686827215,54,6,June,26
2023-06-27,West,411,6,363,41.008216396417325,61,6,June,26
2023-06-28,West,316,8,280,45.093781927350165,47,6,June,26
2023-06-29,West,432,0,406,52.94735663176405,64,6,June,26
2023-06-30,West,319,0,266,47.796496656111614,47,6,June,26
2023-07-01,West,236,4,203,58.89060374386452,35,7,July,26
2023-07-02,West,209,0,182,49.46658919697186,31,7,July,26
2023-07-03,West,263,3,251,48.66628953849411,39,7,July,27
2023-07-04,West,215,0,181,46.36650559107541,32,7,July,27
2023-07-05,West,242,2,211,48.78583639204328,36,7,July,27
2023-07-06,West,217,0,195,47.561826642273104,32,7,July,27
2023-07-07,West,178,6,154,52.07076316366273,26,7,July,27
2023-07-08,West,131,1,103,53.51977532023666,19,7,July,27
2023-07-09,West,88,1,79,45.01236038976795,13,7,July,27
2023-07-10,West,124,0,124,42.492186880562755,18,7,July,28
2023-07-11,West,171,0,126,40.17336873887912,25,7,July,28
2023-07-12,West,132,0,114,52.10039619500228,19,7,July,28
2023-07-13,West,56,1,35,44.24965048561414,8,7,July,28
2023-07-14,West,111,0,115,39.208074507765055,16,7,July,28
2023-07-15,West,111,1,66,52.121464451226245,16,7,July,28
2023-07-16,West,46,8,29,62.84961297177934,7,7,July,28
2023-07-17,West,85,4,79,50.56030478295987,12,7,July,29
2023-07-18,West,73,0,90,54.9891571689615,11,7,July,29
2023-07-19,West,13,5,9,51.41189404548507,2,7,July,29
2023-07-20,West,74,0,53,50.71434294283549,11,7,July,29
2023-07-21,West,78,0,99,56.01021757977401,11,7,July,29
2023-07-22,West,96,0,54,50.16950639993586,14,7,July,29
2023-07-23,West,89,0,36,53.163884647282586,13,7,July,29
2023-07-24,West,8,0,15,53.641456063947096,1,7,July,30
2023-07-25,West,8,0,0,48.89855872079574,1,7,July,30
2023-07-26,West,53,7,26,57.405266692737555,8,7,July,30
2023-07-27,West,50,1,54,51.77630011762186,7,7,July,30
2023-07-28,West,47,0,44,49.07841705967863,7,7,July,30
2023-07-29,West,195,5,155,55.74573603103883,29,7,July,30
2023-07-30,West,44,0,14,48.77689086027558,6,7,July,30
2023-07-31,West,68,0,73,53.616180512120366,10,7,July,31
2023-08-01,West,57,3,60,53.635723698097664,8,8,August,31
2023-08-02,West,42,0,33,59.316840466520524,6,8,August,31
2023-08-03,West,8,4,40,56.46689775780636,1,8,August,31
2023-08-04,West,44,1,17,54.17431575572483,6,8,August,31
2023-08-05,West,8,0,0,58.594326001495936,1,8,August,31
2023-08-06,West,8,2,0,61.662576206625026,1,8,August,31
2023-08-07,West,8,9,6,57.70663394934173,1,8,August,32
2023-08-08,West,9,0,12,55.17538947284328,1,8,August,32
2023-08-09,West,109,1,88,48.77048916791953,16,8,August,32
2023-08-10,West,8,0,13,50.21014597033742,1,8,August,32
2023-08-11,West,35,0,7,54.215634719984905,5,8,August,32
2023-08-12,West,8,3,33,52.90024118700578,1,8,August,32
2023-08-13,West,8,0,5,55.21898963891892,1,8,August,32
2023-08-14,West,53,0,64,56.643139734375644,7,8,August,33
2023-08-15,West,8,0,13,59.21439783771772,1,8,August,33
2023-08-16,West,8,1,15,56.419484131682566,1,8,August,33
2023-08-17,West,8,0,17,59.41053019715299,1,8,August,33
2023-08-18,West,35,4,37,57.50643800811653,5,8,August,33
2023-08-19,West,8,0,18,47.51277705834053,1,8,August,33
2023-08-20,West,15,0,36,52.899476877060074,2,8,August,33
2023-08-21,West,8,0,10,57.08176002358972,1,8,August,34
2023-08-22,West,8,0,19,51.959768044036224,1,8,August,34
2023-08-23,West,104,2,86,61.21392936426674,15,8,August,34
2023-08-24,West,37,3,57,66.07408383204815,5,8,August,34
2023-08-25,West,8,0,0,64.72018288486021,1,8,August,34
2023-08-26,West,20,3,49,57.765203227766534,3,8,August,34
2023-08-27,West,8,5,6,66.49209222271129,1,8,August,34
2023-08-28,West,54,1,20,59.98784278051605,8,8,August,35
2023-08-29,West,8,8,9,57.76511959495925,1,8,August,35
2023-08-30,West,16,0,0,56.5895800888887,2,8,August,35
2023-08-31,West,46,0,54,58.35028893019672,7,8,August,35
2023-09-01,West,66,0,44,58.12779722597517,9,9,September,35
2023-09-02,West,8,6,0,61.12680638660271,1,9,September,35
2023-09-03,West,19,2,0,61.28363913601855,2,9,September,35
2023-09-04,West,17,0,6,60.70204328758025,2,9,September,36
2023-09-05,West,14,0,0,63.07754799158889,2,9,September,36
2023-09-06,West,127,0,79,67.0521324728328,19,9,September,36
2023-09-07,West,71,11,74,66.05271573215167,10,9,September,36
2023-09-08,West,8,0,21,54.08649916873949,1,9,September,36
2023-09-09,West,106,0,97,48.94742729252319,16,9,September,36
2023-09-10,West,168,4,124,66.59467647927329,25,9,September,36
2023-09-11,West,125,2,106,55.29472738704377,18,9,September,37
2023-09-12,West,18,0,15,61.21133782570141,2,9,September,37
2023-09-13,West,72,0,40,56.69064366091199,10,9,September,37
2023-09-14,West,159,3,162,53.73735055935265,23,9,September,37
2023-09-15,West,79,8,82,65.66061034432065,11,9,September,37
2023-09-16,West,140,7,115,66.95511646085389,21,9,September,37
2023-09-17,West,163,8,139,60.482832611751014,24,9,September,37
2023-09-18,West,96,0,85,50.61621711070402,14,9,September,38
2023-09-19,West,144,0,86,61.04625028621011,21,9,September,38
2023-09-20,West,10,0,4,65.94253651052921,1,9,September,38
2023-09-21,West,120,0,89,56.795002595689795,18,9,September,38
2023-09-22,West,164,6,121,65.31240399450017,24,9,September,38
2023-09-23,West,128,0,103,64.52509910578337,19,9,September,38
2023-09-24,West,267,8,259,67.70414980569775,40,9,September,38
2023-09-25,West,138,0,128,65.61163810580703,20,9,September,39
2023-09-26,West,191,0,151,60.354435515372444,28,9,September,39
2023-09-27,West,225,0,201,71.40868168414663,33,9,September,39
2023-09-28,West,292,0,274,64.83922026673328,43,9,September,39
2023-09-29,West,170,5,160,65.70138939036242,25,9,September,39
2023-09-30,West,293,2,250,61.377616248590066,44,9,September,39
2023-10-01,West,248,0,198,64.03358874404245,37,10,October,39
2023-10-02,West,209,0,190,62.03203038590945,31,10,October,40
2023-10-03,West,278,0,243,65.79735761247079,41,10,October,40
2023-10-04,West,271,9,246,75.42667426884358,40,10,October,40
2023-10-05,West,238,0,212,60.21467010951904,35,10,October,40
2023-10-06,West,270,0,248,59.21241279083606,40,10,October,40
2023-10-07,West,251,0,203,74.84211537373179,37,10,October,40
2023-10-08,West,274,0,256,66.64568930654835,41,10,October,40
2023-10-09,West,298,0,257,64.55298795505206,44,10,October,41
2023-10-10,West,338,2,324,73.30391904137598,50,10,October,41
2023-10-11,West,209,0,165,65.28236186175525,31,10,October,41
2023-10-12,West,357,6,335,77.64653208421818,53,10,October,41
2023-10-13,West,170,9,148,72.11215682922382,25,10,October,41
2023-10-14,West,246,7,196,66.4890143878429,36,10,October,41
2023-10-15,West,274,0,223,79.9211564509429,41,10,October,41
2023-10-16,West,254,0,210,66.31208472564263,38,10,October,42
2023-10-17,West,206,13,182,73.25718015674984,31,10,October,42
2023-10-18,West,218,1,195,71.2492101547797,32,10,October,42
2023-10-19,West,197,1,157,76.4674976557852,29,10,October,42
2023-10-20,West,185,0,156,77.97239114846941,27,10,October,42
2023-10-21,West,240,2,242,70.53089986620796,36,10,October,42
2023-10-22,West,210,0,209,66.80983372519215,31,10,October,42
2023-10-23,West,153,0,138,73.08282774766262,23,10,October,43
2023-10-24,West,215,0,183,67.60043414025044,32,10,October,43
2023-10-25,West,179,0,154,81.26199118268806,26,10,October,43
2023-10-26,West,193,0,175,72.08377555651258,28,10,October,43
2023-10-27,West,175,0,130,69.78053510058231,26,10,October,43
2023-10-28,West,100,0,80,72.73658834251134,15,10,October,43
2023-10-29,West,103,0,57,65.28359932158229,15,10,October,43
2023-10-30,West,153,8,137,67.36720453272146,23,10,October,44
2023-10-31,West,138,0,128,78.43338822104081,20,10,October,44
2023-11-01,West,101,5,77,69.35289124250565,15,11,November,44
2023-11-02,West,99,6,112,67.6088516799969,14,11,November,44
2023-11-03,West,144,0,100,75.73271431208697,21,11,November,44
2023-11-04,West,53,0,17,79.1840152788095,7,11,November,44
2023-11-05,West,97,0,86,77.05630501486378,14,11,November,44
2023-11-06,West,56,0,66,78.64782084661151,8,11,November,45
2023-11-07,West,50,0,72,70.08965093077906,7,11,November,45
2023-11-08,West,103,0,79,66.97061699596111,15,11,November,45
2023-11-09,West,85,8,91,81.7923825454917,12,11,November,45
2023-11-10,West,79,4,66,72.87835904754756,11,11,November,45
2023-11-11,West,97,6,79,73.44363711552695,14,11,November,45
2023-11-12,West,35,2,44,81.54481686309144,5,11,November,45
2023-11-13,West,61,0,62,77.8910401568934,9,11,November,46
2023-11-14,West,13,0,0,77.5953729263421,2,11,November,46
2023-11-15,West,38,1,59,86.34698974648343,5,11,November,46
2023-11-16,West,15,0,37,72.51043082612125,2,11,November,46
2023-11-17,West,22,2,7,80.57326657447211,3,11,November,46
2023-11-18,West,42,0,42,76.42517551459531,6,11,November,46
2023-11-19,West,8,0,16,77.68911524047013,1,11,November,46
2023-11-20,West,106,3,94,84.19453993426046,15,11,November,47
2023-11-21,West,8,1,0,79.29742053968987,1,11,November,47
2023-11-22,West,8,0,0,79.65576610953387,1,11,November,47
2023-11-23,West,59,5,49,82.53286635687867,8,11,November,47
2023-11-24,West,42,0,56,75.5516099786592,6,11,November,47
2023-11-25,West,33,2,37,73.38636924572255,4,11,November,47
2023-11-26,West,32,2,20,72.56441556835637,4,11,November,47
2023-11-27,West,8,0,20,68.16272254762548,1,11,November,48
2023-11-28,West,8,0,0,88.48158510025105,1,11,November,48
2023-11-29,West,8,0,27,72.89055157798498,1,11,November,48
2023-11-30,West,8,3,0,77.5063692447085,1,11,November,48
2023-12-01,West,45,0,32,77.43461481923671,6,12,December,48
2023-12-02,West,8,0,0,80.56175876377077,1,12,December,48
2023-12-03,West,8,4,0,83.3094552934657,1,12,December,48
2023-12-04,West,8,0,27,83.7391806286119,1,12,December,49
2023-12-05,West,18,0,7,76.72746995001245,2,12,December,49
2023-12-06,West,8,0,13,79.01329252996904,1,12,December,49
2023-12-07,West,8,2,6,81.46784480738656,1,12,December,49
2023-12-08,West,10,0,17,79.01753338007127,1,12,December,49
2023-12-09,West,10,7,9,88.50376084713292,1,12,December,49
2023-12-10,West,8,0,0,83.12795168126817,1,12,December,49
2023-12-11,West,8,7,25,84.55350980936996,1,12,December,50
2023-12-12,West,9,0,0,84.3995711785019,1,12,December,50
2023-12-13,West,8,0,0,87.15857807863541,1,12,December,50
2023-12-14,West,8,0,0,82.40236054077128,1,12,December,50
2023-12-15,West,8,1,34,75.21913696351747,1,12,December,50
2023-12-16,West,8,0,22,83.90778041810387,1,12,December,50
2023-12-17,West,13,4,4,78.85860014642547,2,12,December,50
2023-12-18,West,65,0,49,79.67834516267979,9,12,December,51
2023-12-19,West,37,0,26,85.459292621248,5,12,December,51
2023-12-20,West,8,0,44,88.92493184068466,1,12,December,51
2023-12-21,West,8,0,14,83.04591832324074,1,12,December,51
2023-12-22,West,8,0,15,84.68976945859922,1,12,December,51
2023-12-23,West,8,0,26,91.86272307482454,1,12,December,51
2023-12-24,West,8,0,11,84.76145820513514,1,12,December,51
2023-12-25,West,14,2,7,95.0,2,12,December,52
2023-12-26,West,8,0,3,86.79732844793794,1,12,December,52
2023-12-27,West,22,0,17,75.37201038004508,3,12,December,52
2023-12-28,West,68,0,56,88.1485762373908,10,12,December,52
2023-12-29,West,8,0,20,86.49370401232598,1,12,December,52
2023-12-30,West,17,0,16,91.24271981436978,2,12,December,52
2023-12-31,West,30,0,38,88.36590675634979,4,12,December,52
2023-01-01,Central,50,0,46,10.0,7,1,January,52
2023-01-02,Central,18,1,0,10.59921990762441,2,1,January,1
2023-01-03,Central,65,0,64,10.0,9,1,January,1
2023-01-04,Central,116,1,61,15.199770241644277,17,1,January,1
2023-01-05,Central,25,0,43,12.556618203665789,3,1,January,1
2023-01-06,Central,30,0,35,16.02027032951804,4,1,January,1
2023-01-07,Central,134,3,118,10.0,20,1,January,1
2023-01-08,Central,94,8,101,21.88418121621133,14,1,January,1
2023-01-09,Central,33,5,64,10.950403507575778,5,1,January,2
2023-01-10,Central,95,11,103,17.395309688083188,14,1,January,2
2023-01-11,Central,47,0,0,10.0,7,1,January,2
2023-01-12,Central,55,4,18,15.330353041796364,8,1,January,2
2023-01-13,Central,102,1,73,10.0,15,1,January,2
2023-01-14,Central,10,11,9,10.0,1,1,January,2
2023-01-15,Central,13,0,21,22.454772153949314,1,1,January,2
2023-01-16,Central,87,0,57,12.137247336842606,13,1,January,3
2023-01-17,Central,73,0,65,14.38386766260191,10,1,January,3
2023-01-18,Central,155,0,115,17.853085906191023,23,1,January,3
2023-01-19,Central,101,0,71,16.187200648654233,15,1,January,3
2023-01-20,Central,86,0,42,14.666929690553047,12,1,January,3
2023-01-21,Central,256,3,197,15.945684133210248,38,1,January,3
2023-01-22,Central,177,3,121,26.34400100311445,26,1,January,3
2023-01-23,Central,208,11,154,14.244873047799105,31,1,January,4
2023-01-24,Central,140,6,141,15.744506222585827,21,1,January,4
2023-01-25,Central,203,0,151,20.198326925093006,30,1,January,4
2023-01-26,Central,255,0,273,20.67872856588882,38,1,January,4
2023-01-27,Central,201,4,182,21.29229438494476,30,1,January,4
2023-01-28,Central,301,0,259,18.756837923332736,45,1,January,4
2023-01-29,Central,265,11,206,10.054206205578353,39,1,January,4
2023-01-30,Central,297,8,268,24.142432386780207,44,1,January,5
2023-01-31,Central,297,0,239,10.449591716225239,44,1,January,5
2023-02-01,Central,448,0,382,17.9005399635578,67,2,February,5
2023-02-02,Central,362,10,363,12.822027343309802,54,2,February,5
2023-02-03,Central,321,2,270,16.478758816485584,48,2,February,5
2023-02-04,Central,440,10,399,18.649306557011904,66,2,February,5
2023-02-05,Central,344,0,277,18.818324538789824,51,2,February,5
2023-02-06,Central,437,1,370,19.52718618875884,65,2,February,6
2023-02-07,Central,333,3,321,25.692182718919607,50,2,February,6
2023-02-08,Central,382,3,310,20.09734183724023,57,2,February,6
2023-02-09,Central,478,2,446,16.814931109261043,71,2,February,6
2023-02-10,Central,521,7,458,23.062194083200026,78,2,February,6
2023-02-11,Central,501,0,413,24.3951546424254,75,2,February,6
2023-02-12,Central,496,3,435,12.515807078161192,74,2,February,6
2023-02-13,Central,496,5,442,21.8468904591394,74,2,February,7
2023-02-14,Central,440,6,387,22.571797777488555,66,2,February,7
2023-02-15,Central,488,8,380,17.78416050517806,73,2,February,7
2023-02-16,Central,509,0,416,26.356556044580074,76,2,February,7
2023-02-17,Central,596,0,500,18.933787998903302,89,2,February,7
2023-02-18,Central,560,11,474,20.517992157467603,84,2,February,7
2023-02-19,Central,448,5,393,19.230794724734498,67,2,February,7
2023-02-20,Central,562,1,482,20.38009304010514,84,2,February,8
2023-02-21,Central,523,13,415,15.02686632376575,78,2,February,8
2023-02-22,Central,504,5,437,13.514031301314244,75,2,February,8
2023-02-23,Central,572,11,499,28.89285498645453,85,2,February,8
2023-02-24,Central,590,5,513,16.891566884781987,88,2,February,8
2023-02-25,Central,579,16,514,16.375455835136048,86,2,February,8
2023-02-26,Central,475,14,422,10.771510970442966,71,2,February,8
2023-02-27,Central,495,3,430,18.549696756057983,74,2,February,9
2023-02-28,Central,521,9,440,15.335100483511962,78,2,February,9
2023-03-01,Central,545,8,426,30.36666920727525,81,3,March,9
2023-03-02,Central,454,11,395,27.411722809350533,68,3,March,9
2023-03-03,Central,458,0,393,19.127929592792697,68,3,March,9
2023-03-04,Central,394,7,341,34.03690430144682,59,3,March,9
2023-03-05,Central,376,8,291,27.8895966657272,56,3,March,9
2023-03-06,Central,471,0,376,21.562656269270075,70,3,March,10
2023-03-07,Central,485,0,435,10.895828568489277,72,3,March,10
2023-03-08,Central,392,0,332,35.05361396185481,58,3,March,10
2023-03-09,Central,435,2,383,16.857082721127075,65,3,March,10
2023-03-10,Central,383,7,326,15.783995276204552,57,3,March,10
2023-03-11,Central,312,10,266,29.32988512708117,46,3,March,10
2023-03-12,Central,351,3,318,36.62183895477328,52,3,March,10
2023-03-13,Central,399,11,327,31.550484971673466,59,3,March,11
2023-03-14,Central,297,0,254,27.65471043542663,44,3,March,11
2023-03-15,Central,368,0,303,28.01498049953522,55,3,March,11
2023-03-16,Central,124,0,95,29.514330541154283,18,3,March,11
2023-03-17,Central,296,4,245,29.247939652230528,44,3,March,11
2023-03-18,Central,242,2,210,27.065297779187535,36,3,March,11
2023-03-19,Central,206,0,164,26.386390135143994,30,3,March,11
2023-03-20,Central,213,1,208,25.758462931930957,32,3,March,12
2023-03-21,Central,87,0,54,22.507649583139145,13,3,March,12
2023-03-22,Central,171,4,140,25.08014109918261,25,3,March,12
2023-03-23,Central,190,3,151,18.224776368583512,28,3,March,12
2023-03-24,Central,239,0,234,26.403906261630645,35,3,March,12
2023-03-25,Central,121,0,106,22.158692815893765,18,3,March,12
2023-03-26,Central,94,0,102,21.78974572161345,14,3,March,12
2023-03-27,Central,102,0,54,28.413207019503655,15,3,March,13
2023-03-28,Central,172,6,151,34.679791651503216,25,3,March,13
2023-03-29,Central,131,0,130,32.51740720583574,19,3,March,13
2023-03-30,Central,78,3,67,20.279365113752245,11,3,March,13
2023-03-31,Central,129,0,133,23.3897714050604,19,3,March,13
2023-04-01,Central,102,0,75,33.24781198389712,15,4,April,13
2023-04-02,Central,146,0,154,23.837563032308452,21,4,April,13
2023-04-03,Central,51,0,92,27.832878206058833,7,4,April,14
2023-04-04,Central,69,0,51,31.912348407210672,10,4,April,14
2023-04-05,Central,64,0,44,24.526409593813693,9,4,April,14
2023-04-06,Central,10,9,40,30.101053354905623,1,4,April,14
2023-04-07,Central,101,1,119,23.110092305628758,15,4,April,14
2023-04-08,Central,100,0,73,26.979425516507664,15,4,April,14
2023-04-09,Central,88,1,65,31.791217363020376,13,4,April,14
2023-04-10,Central,78,0,59,22.4333829806933,11,4,April,15
2023-04-11,Central,17,0,0,32.80676929419759,2,4,April,15
2023-04-12,Central,76,3,44,30.71225056580615,11,4,April,15
2023-04-13,Central,86,4,51,33.778933288569256,12,4,April,15
2023-04-14,Central,67,0,40,32.34209814285078,10,4,April,15
2023-04-15,Central,110,0,92,38.24927357844065,16,4,April,15
2023-04-16,Central,149,0,131,32.260737897854916,22,4,April,15
2023-04-17,Central,238,0,236,29.693631635033075,35,4,April,16
2023-04-18,Central,155,0,110,32.65819081186472,23,4,April,16
2023-04-19,Central,171,8,166,34.96923739792919,25,4,April,16
2023-04-20,Central,164,9,135,32.703091560419736,24,4,April,16
2023-04-21,Central,77,0,64,32.86779362085458,11,4,April,16
2023-04-22,Central,194,4,178,29.360920681845347,29,4,April,16
2023-04-23,Central,212,3,155,29.76241848916834,31,4,April,16
2023-04-24,Central,359,19,314,26.26994067396857,53,4,April,17
2023-04-25,Central,231,7,199,42.23689470494569,34,4,April,17
2023-04-26,Central,274,1,244,27.475738768098523,41,4,April,17
2023-04-27,Central,274,0,238,30.436572912119367,41,4,April,17
2023-04-28,Central,231,0,249,30.515106529296872,34,4,April,17
2023-04-29,Central,377,4,306,38.787808697909014,56,4,April,17
2023-04-30,Central,375,0,306,33.04448237777063,56,4,April,17
2023-05-01,Central,398,0,323,40.96398508864339,59,5,May,18
2023-05-02,Central,327,0,265,31.563865560099337,49,5,May,18
2023-05-03,Central,475,0,389,36.532333448481644,71,5,May,18
2023-05-04,Central,344,11,318,31.166671327107807,51,5,May,18
2023-05-05,Central,475,8,435,46.27519618831749,71,5,May,18
2023-05-06,Central,586,5,485,29.81750241034694,88,5,May,18
2023-05-07,Central,436,11,352,37.5106420126736,65,5,May,18
2023-05-08,Central,483,4,419,39.33646682224291,72,5,May,19
2023-05-09,Central,543,0,449,38.44262186088386,81,5,May,19
2023-05-10,Central,533,13,466,35.65323203528179,79,5,May,19
2023-05-11,Central,499,7,428,36.136610787047154,74,5,May,19
2023-05-12,Central,611,0,486,37.21081560165379,91,5,May,19
2023-05-13,Central,572,4,520,36.46279218965975,85,5,May,19
2023-05-14,Central,678,1,615,42.2232417378207,101,5,May,19
2023-05-15,Central,624,0,516,48.66250511784686,93,5,May,20
2023-05-16,Central,780,11,654,35.0284751408949,117,5,May,20
2023-05-17,Central,673,16,579,31.172963124082635,101,5,May,20
2023-05-18,Central,718,0,617,37.786611736265705,107,5,May,20
2023-05-19,Central,799,10,693,51.33261262233753,119,5,May,20
2023-05-20,Central,705,3,643,34.62173705026123,105,5,May,20
2023-05-21,Central,801,4,677,47.041737873374174,120,5,May,20
2023-05-22,Central,875,5,726,47.44070187258,131,5,May,21
2023-05-23,Central,730,2,590,36.49030054970178,109,5,May,21
2023-05-24,Central,839,7,696,42.309201110212086,125,5,May,21
2023-05-25,Central,855,3,725,47.81231278597235,128,5,May,21
2023-05-26,Central,893,9,798,37.98073492143619,133,5,May,21
2023-05-27,Central,790,6,659,39.06451578190577,118,5,May,21
2023-05-28,Central,791,6,677,37.380056968718314,118,5,May,21
2023-05-29,Central,896,3,761,35.42072184104116,134,5,May,22
2023-05-30,Central,887,5,779,37.45416172521941,133,5,May,22
2023-05-31,Central,885,11,807,34.786892072782116,132,5,May,22
2023-06-01,Central,889,10,743,41.28305470393349,133,6,June,22
2023-06-02,Central,831,2,694,37.46881516338811,124,6,June,22
2023-06-03,Central,876,8,767,42.693654833679005,131,6,June,22
2023-06-04,Central,873,11,756,33.95129099975109,131,6,June,22
2023-06-05,Central,811,0,729,43.59121434788547,121,6,June,23
2023-06-06,Central,943,11,813,46.31050195090176,141,6,June,23
2023-06-07,Central,856,4,719,32.38022288604382,128,6,June,23
2023-06-08,Central,752,9,652,44.42522790418291,112,6,June,23
2023-06-09,Central,839,3,737,48.89933397335547,125,6,June,23
2023-06-10,Central,736,0,643,36.91882787357694,110,6,June,23
2023-06-11,Central,815,0,703,51.535938857265435,122,6,June,23
2023-06-12,Central,817,7,717,45.4742159259511,122,6,June,24
2023-06-13,Central,691,7,612,40.06010555637279,103,6,June,24
2023-06-14,Central,768,2,682,43.51236340292026,115,6,June,24
2023-06-15,Central,718,9,624,46.78888730986136,107,6,June,24
2023-06-16,Central,719,0,607,44.58332366035876,107,6,June,24
2023-06-17,Central,756,6,645,47.1031206215725,113,6,June,24
2023-06-18,Central,617,0,550,40.012016649987785,92,6,June,24
2023-06-19,Central,566,1,462,45.66823269160896,84,6,June,25
2023-06-20,Central,535,5,462,37.958900042947626,80,6,June,25
2023-06-21,Central,515,0,429,44.67738617677298,77,6,June,25
2023-06-22,Central,533,2,453,40.92002223223649,79,6,June,25
2023-06-23,Central,532,9,479,41.96795468265556,79,6,June,25
2023-06-24,Central,504,1,432,52.03211422770054,75,6,June,25
2023-06-25,Central,511,8,435,51.514242910663654,76,6,June,25
2023-06-26,Central,443,0,346,49.30942686827215,66,6,June,26
2023-06-27,Central,499,7,440,41.008216396417325,74,6,June,26
2023-06-28,Central,383,10,340,45.093781927350165,57,6,June,26
2023-06-29,Central,524,0,492,52.94735663176405,78,6,June,26
2023-06-30,Central,388,0,322,47.796496656111614,58,6,June,26
2023-07-01,Central,286,5,247,58.89060374386452,43,7,July,26
2023-07-02,Central,254,1,221,49.46658919697186,38,7,July,26
2023-07-03,Central,319,4,305,48.66628953849411,47,7,July,27
2023-07-04,Central,261,0,220,46.36650559107541,39,7,July,27
2023-07-05,Central,294,3,256,48.78583639204328,44,7,July,27
2023-07-06,Central,263,1,236,47.561826642273104,39,7,July,27
2023-07-07,Central,217,7,187,52.07076316366273,32,7,July,27
2023-07-08,Central,159,2,125,53.51977532023666,23,7,July,27
2023-07-09,Central,107,2,95,45.01236038976795,16,7,July,27
2023-07-10,Central,151,0,151,42.492186880562755,22,7,July,28
2023-07-11,Central,208,0,153,40.17336873887912,31,7,July,28
2023-07-12,Central,160,0,138,52.10039619500228,24,7,July,28
2023-07-13,Central,68,2,42,44.24965048561414,10,7,July,28
2023-07-14,Central,135,0,140,39.208074507765055,20,7,July,28
2023-07-15,Central,135,2,80,52.121464451226245,20,7,July,28
2023-07-16,Central,56,10,35,62.84961297177934,8,7,July,28
2023-07-17,Central,103,5,95,50.56030478295987,15,7,July,29
2023-07-18,Central,89,0,110,54.9891571689615,13,7,July,29
2023-07-19,Central,16,6,11,51.41189404548507,2,7,July,29
2023-07-20,Central,90,0,64,50.71434294283549,13,7,July,29
2023-07-21,Central,94,0,121,56.01021757977401,14,7,July,29
2023-07-22,Central,116,0,66,50.16950639993586,17,7,July,29
2023-07-23,Central,109,0,44,53.163884647282586,16,7,July,29
2023-07-24,Central,10,0,18,53.641456063947096,1,7,July,30
2023-07-25,Central,10,0,0,48.89855872079574,1,7,July,30
2023-07-26,Central,65,8,32,57.405266692737555,9,7,July,30
2023-07-27,Central,61,2,66,51.77630011762186,9,7,July,30
2023-07-28,Central,57,0,53,49.07841705967863,8,7,July,30
2023-07-29,Central,236,6,188,55.74573603103883,35,7,July,30
2023-07-30,Central,54,0,17,48.77689086027558,8,7,July,30
2023-07-31,Central,82,1,89,53.616180512120366,12,7,July,31
2023-08-01,Central,69,4,73,53.635723698097664,10,8,August,31
2023-08-02,Central,51,0,40,59.316840466520524,7,8,August,31
2023-08-03,Central,10,5,49,56.46689775780636,1,8,August,31
2023-08-04,Central,53,2,21,54.17431575572483,8,8,August,31
2023-08-05,Central,10,0,0,58.594326001495936,1,8,August,31
2023-08-06,Central,10,3,0,61.662576206625026,1,8,August,31
2023-08-07,Central,10,11,7,57.70663394934173,1,8,August,32
2023-08-08,Central,11,1,15,55.17538947284328,1,8,August,32
2023-08-09,Central,133,2,106,48.77048916791953,19,8,August,32
2023-08-10,Central,10,0,16,50.21014597033742,1,8,August,32
2023-08-11,Central,42,0,8,54.215634719984905,6,8,August,32
2023-08-12,Central,10,4,40,52.90024118700578,1,8,August,32
2023-08-13,Central,10,0,6,55.21898963891892,1,8,August,32
2023-08-14,Central,64,0,78,56.643139734375644,9,8,August,33
2023-08-15,Central,10,0,16,59.21439783771772,1,8,August,33
2023-08-16,Central,10,2,18,56.419484131682566,1,8,August,33
2023-08-17,Central,10,1,20,59.41053019715299,1,8,August,33
2023-08-18,Central,42,5,45,57.50643800811653,6,8,August,33
2023-08-19,Central,10,0,22,47.51277705834053,1,8,August,33
2023-08-20,Central,18,0,44,52.899476877060074,2,8,August,33
2023-08-21,Central,10,0,13,57.08176002358972,1,8,August,34
2023-08-22,Central,10,0,23,51.959768044036224,1,8,August,34
2023-08-23,Central,126,3,104,61.21392936426674,18,8,August,34
2023-08-24,Central,45,4,69,66.07408383204815,6,8,August,34
2023-08-25,Central,10,0,0,64.72018288486021,1,8,August,34
2023-08-26,Central,25,4,59,57.765203227766534,3,8,August,34
2023-08-27,Central,10,6,7,66.49209222271129,1,8,August,34
2023-08-28,Central,66,2,25,59.98784278051605,9,8,August,35
2023-08-29,Central,10,9,11,57.76511959495925,1,8,August,35
2023-08-30,Central,19,0,1,56.5895800888887,2,8,August,35
2023-08-31,Central,56,0,66,58.35028893019672,8,8,August,35
2023-09-01,Central,80,0,53,58.12779722597517,12,9,September,35
2023-09-02,Central,10,7,0,61.12680638660271,1,9,September,35
2023-09-03,Central,23,3,0,61.28363913601855,3,9,September,35
2023-09-04,Central,21,0,7,60.70204328758025,3,9,September,36
2023-09-05,Central,17,1,0,63.07754799158889,2,9,September,36
2023-09-06,Central,154,0,97,67.0521324728328,23,9,September,36
2023-09-07,Central,87,14,90,66.05271573215167,13,9,September,36
2023-09-08,Central,10,0,26,54.08649916873949,1,9,September,36
2023-09-09,Central,129,1,118,48.94742729252319,19,9,September,36
2023-09-10,Central,203,5,151,66.59467647927329,30,9,September,36
2023-09-11,Central,152,3,128,55.29472738704377,22,9,September,37
2023-09-12,Central,22,1,18,61.21133782570141,3,9,September,37
2023-09-13,Central,88,0,49,56.69064366091199,13,9,September,37
2023-09-14,Central,194,4,197,53.73735055935265,29,9,September,37
2023-09-15,Central,95,10,100,65.66061034432065,14,9,September,37
2023-09-16,Central,170,8,139,66.95511646085389,25,9,September,37
2023-09-17,Central,198,9,169,60.482832611751014,29,9,September,37
2023-09-18,Central,116,0,103,50.61621711070402,17,9,September,38
2023-09-19,Central,175,0,104,61.04625028621011,26,9,September,38
2023-09-20,Central,13,0,5,65.94253651052921,1,9,September,38
2023-09-21,Central,146,1,109,56.795002595689795,21,9,September,38
2023-09-22,Central,199,7,147,65.31240399450017,29,9,September,38
2023-09-23,Central,155,0,125,64.52509910578337,23,9,September,38
2023-09-24,Central,324,10,315,67.70414980569775,48,9,September,38
2023-09-25,Central,167,0,155,65.61163810580703,25,9,September,39
2023-09-26,Central,232,0,184,60.354435515372444,34,9,September,39
2023-09-27,Central,273,0,244,71.40868168414663,41,9,September,39
2023-09-28,Central,355,0,332,64.83922026673328,53,9,September,39
2023-09-29,Central,207,6,195,65.70138939036242,31,9,September,39
2023-09-30,Central,356,3,304,61.377616248590066,53,9,September,39
2023-10-01,Central,301,0,241,64.03358874404245,45,10,October,39
2023-10-02,Central,254,0,231,62.03203038590945,38,10,October,40
2023-10-03,Central,338,1,295,65.79735761247079,50,10,October,40
2023-10-04,Central,329,11,298,75.42667426884358,49,10,October,40
2023-10-05,Central,289,1,258,60.21467010951904,43,10,October,40
2023-10-06,Central,328,0,301,59.21241279083606,49,10,October,40
2023-10-07,Central,305,1,247,74.84211537373179,45,10,October,40
2023-10-08,Central,332,1,310,66.64568930654835,49,10,October,40
2023-10-09,Central,362,0,311,64.55298795505206,54,10,October,41
2023-10-10,Central,411,3,393,73.30391904137598,61,10,October,41
2023-10-11,Central,254,1,200,65.28236186175525,38,10,October,41
2023-10-12,Central,434,7,406,77.64653208421818,65,10,October,41
2023-10-13,Central,207,11,179,72.11215682922382,31,10,October,41
2023-10-14,Central,298,8,238,66.4890143878429,44,10,October,41
2023-10-15,Central,332,1,271,79.9211564509429,49,10,October,41
2023-10-16,Central,308,0,255,66.31208472564263,46,10,October,42
2023-10-17,Central,250,16,221,73.25718015674984,37,10,October,42
2023-10-18,Central,265,2,236,71.2492101547797,39,10,October,42
2023-10-19,Central,239,2,190,76.4674976557852,35,10,October,42
2023-10-20,Central,224,1,189,77.97239114846941,33,10,October,42
2023-10-21,Central,292,3,294,70.53089986620796,43,10,October,42
2023-10-22,Central,255,1,254,66.80983372519215,38,10,October,42
2023-10-23,Central,186,0,167,73.08282774766262,27,10,October,43
2023-10-24,Central,261,0,222,67.60043414025044,39,10,October,43
2023-10-25,Central,218,1,187,81.26199118268806,32,10,October,43
2023-10-26,Central,234,0,212,72.08377555651258,35,10,October,43
2023-10-27,Central,212,0,158,69.78053510058231,31,10,October,43
2023-10-28,Central,122,1,98,72.73658834251134,18,10,October,43
2023-10-29,Central,125,0,69,65.28359932158229,18,10,October,43
2023-10-30,Central,186,9,166,67.36720453272146,27,10,October,44
2023-10-31,Central,167,0,155,78.43338822104081,25,10,October,44
2023-11-01,Central,123,6,93,69.35289124250565,18,11,November,44
2023-11-02,Central,121,7,136,67.6088516799969,18,11,November,44
2023-11-03,Central,175,0,122,75.73271431208697,26,11,November,44
2023-11-04,Central,64,0,21,79.1840152788095,9,11,November,44
2023-11-05,Central,117,0,104,77.05630501486378,17,11,November,44
2023-11-06,Central,68,0,80,78.64782084661151,10,11,November,45
2023-11-07,Central,61,0,88,70.08965093077906,9,11,November,45
2023-11-08,Central,125,0,95,66.97061699596111,18,11,November,45
2023-11-09,Central,103,9,111,81.7923825454917,15,11,November,45
2023-11-10,Central,97,5,80,72.87835904754756,14,11,November,45
2023-11-11,Central,117,7,95,73.44363711552695,17,11,November,45
2023-11-12,Central,42,3,54,81.54481686309144,6,11,November,45
2023-11-13,Central,74,0,76,77.8910401568934,11,11,November,46
2023-11-14,Central,16,0,0,77.5953729263421,2,11,November,46
2023-11-15,Central,46,2,71,86.34698974648343,7,11,November,46
2023-11-16,Central,18,0,45,72.51043082612125,2,11,November,46
2023-11-17,Central,27,3,8,80.57326657447211,4,11,November,46
2023-11-18,Central,51,0,51,76.42517551459531,7,11,November,46
2023-11-19,Central,10,0,19,77.68911524047013,1,11,November,46
2023-11-20,Central,128,4,114,84.19453993426046,19,11,November,47
2023-11-21,Central,10,2,0,79.29742053968987,1,11,November,47
2023-11-22,Central,10,0,0,79.65576610953387,1,11,November,47
2023-11-23,Central,71,6,59,82.53286635687867,10,11,November,47
2023-11-24,Central,51,0,68,75.5516099786592,7,11,November,47
2023-11-25,Central,40,3,45,73.38636924572255,6,11,November,47
2023-11-26,Central,39,3,25,72.56441556835637,5,11,November,47
2023-11-27,Central,10,0,25,68.16272254762548,1,11,November,48
2023-11-28,Central,10,1,0,88.48158510025105,1,11,November,48
2023-11-29,Central,10,0,33,72.89055157798498,1,11,November,48
2023-11-30,Central,10,4,0,77.5063692447085,1,11,November,48
2023-12-01,Central,55,0,39,77.43461481923671,8,12,December,48
2023-12-02,Central,10,0,0,80.56175876377077,1,12,December,48
2023-12-03,Central,10,5,0,83.3094552934657,1,12,December,48
2023-12-04,Central,10,0,33,83.7391806286119,1,12,December,49
2023-12-05,Central,22,0,8,76.72746995001245,3,12,December,49
2023-12-06,Central,10,0,16,79.01329252996904,1,12,December,49
2023-12-07,Central,10,3,7,81.46784480738656,1,12,December,49
2023-12-08,Central,13,0,20,79.01753338007127,1,12,December,49
2023-12-09,Central,13,8,11,88.50376084713292,1,12,December,49
2023-12-10,Central,10,0,0,83.12795168126817,1,12,December,49
2023-12-11,Central,10,8,30,84.55350980936996,1,12,December,50
2023-12-12,Central,11,1,0,84.3995711785019,1,12,December,50
2023-12-13,Central,10,0,0,87.15857807863541,1,12,December,50
2023-12-14,Central,10,0,0,82.40236054077128,1,12,December,50
2023-12-15,Central,10,2,41,75.21913696351747,1,12,December,50
2023-12-16,Central,10,0,27,83.90778041810387,1,12,December,50
2023-12-17,Central,16,5,5,78.85860014642547,2,12,December,50
2023-12-18,Central,79,1,59,79.67834516267979,11,12,December,51
2023-12-19,Central,45,1,31,85.459292621248,6,12,December,51
2023-12-20,Central,10,0,54,88.92493184068466,1,12,December,51
2023-12-21,Central,10,0,17,83.04591832324074,1,12,December,51
2023-12-22,Central,10,1,18,84.68976945859922,1,12,December,51
2023-12-23,Central,10,0,31,91.86272307482454,1,12,December,51
2023-12-24,Central,10,0,14,84.76145820513514,1,12,December,51
2023-12-25,Central,17,3,8,95.0,2,12,December,52
2023-12-26,Central,10,0,4,86.79732844793794,1,12,December,52
2023-12-27,Central,27,0,20,75.37201038004508,4,12,December,52
2023-12-28,Central,82,0,68,88.1485762373908,12,12,December,52
2023-12-29,Central,10,1,25,86.49370401232598,1,12,December,52
2023-12-30,Central,21,0,19,91.24271981436978,3,12,December,52
2023-12-31,Central,37,0,46,88.36590675634979,5,12,December,52
